Timestamp(s),ID,X,Y,Direction
0.001904,14,69.0,416.0,206.0
0.001904,29,201.0,221.0,321.0
0.001904,25,335.0,435.0,106.0
0.001904,1,302.0,550.0,271.0
0.001904,10,174.0,86.0,121.0
0.001904,22,412.0,225.0,215.0
0.001904,27,188.0,386.0,34.0
0.001904,4,539.0,393.0,338.0
0.001904,25,337.0,434.0,105.0
0.001904,29,199.0,224.0,320.0
0.001904,28,166.0,303.0,357.0
0.001904,6,528.0,193.0,2.0
0.144524,27,189.0,388.0,36.0
0.144524,23,439.0,299.0,181.0
0.144524,2,402.0,532.0,289.0
0.144524,4,538.0,395.0,337.0
0.144524,12,60.0,232.0,165.0
0.144524,15,121.0,491.0,222.0
0.144524,30,275.0,179.0,288.0
0.144524,29,198.0,226.0,323.0
0.144524,5,553.0,295.0,3.0
0.144524,7,469.0,114.0,51.0
0.144524,29,197.0,227.0,320.0
0.144524,8,383.0,65.0,72.0
0.295455,1,295.0,549.0,265.0
0.295455,16,206.0,547.0,252.0
0.295455,11,103.0,149.0,141.0
0.295455,3,490.0,468.0,320.0
0.295455,16,205.0,547.0,254.0
0.295455,24,411.0,382.0,146.0
0.295455,42,326.0,263.0,55.0
0.295455,14,65.0,406.0,201.0
0.295455,11,104.0,148.0,141.0
0.295455,42,327.0,264.0,56.0
0.295455,25,345.0,432.0,110.0
0.295455,3,488.0,470.0,320.0
0.446218,28,166.0,311.0,1.0
0.446218,30,269.0,180.0,287.0
0.446218,3,488.0,471.0,319.0
0.446218,15,116.0,486.0,222.0
0.446218,41,329.0,335.0,314.0
0.446218,15,115.0,485.0,224.0
0.446218,30,267.0,181.0,287.0
0.446218,43,260.0,283.0,155.0
0.446218,14,63.0,402.0,198.0
0.446218,16,200.0,545.0,248.0
0.446218,15,114.0,484.0,224.0
0.581371,11,108.0,143.0,138.0
0.581371,23,437.0,286.0,186.0
0.581371,16,199.0,544.0,248.0
0.581371,22,402.0,213.0,223.0
0.581371,15,113.0,483.0,224.0
0.581371,43,261.0,281.0,150.0
0.581371,5,554.0,307.0,0.0
0.581371,13,49.0,300.0,181.0
0.581371,13,49.0,300.0,181.0
0.581371,3,483.0,475.0,315.0
0.581371,5,554.0,308.0,1.0
0.581371,41,324.0,338.0,301.0
0.581371,43,262.0,279.0,1.0
0.718248,14,62.0,398.0,193.0
0.718248,28,166.0,320.0,3.0
0.718248,16,195.0,542.0,246.0
0.718248,11,111.0,139.0,141.0
0.718248,3,482.0,477.0,315.0
0.718248,28,166.0,322.0,5.0
0.718248,5,554.0,311.0,0.0
0.718248,13,49.0,295.0,181.0
0.718248,27,201.0,402.0,44.0
0.718248,13,49.0,294.0,181.0
0.718248,41,321.0,340.0,295.0
0.718248,43,264.0,276.0,139.0
0.865312,16,191.0,541.0,243.0
0.865312,42,336.0,273.0,36.0
0.865312,43,265.0,276.0,142.0
0.865312,3,479.0,480.0,316.0
0.865312,43,265.0,275.0,138.0
0.865312,29,186.0,242.0,329.0
0.865312,6,537.0,214.0,19.0
0.865312,43,266.0,275.0,140.0
0.865312,3,478.0,481.0,314.0
0.865312,43,266.0,274.0,141.0
0.865312,4,529.0,416.0,337.0
0.865312,43,267.0,273.0,138.0
1.001610,29,185.0,244.0,330.0
1.001610,7,485.0,129.0,44.0
1.001610,1,273.0,548.0,267.0
1.001610,11,117.0,133.0,137.0
1.001610,41,314.0,343.0,294.0
1.001610,15,103.0,473.0,227.0
1.001610,43,268.0,271.0,139.0
1.001610,4,528.0,419.0,332.0
1.001610,43,269.0,271.0,139.0
1.001610,11,118.0,131.0,136.0
1.001610,7,487.0,131.0,42.0
1.001610,5,553.0,321.0,35.0
1.151586,1,270.0,548.0,267.0
1.151586,29,183.0,248.0,331.0
1.151586,42,341.0,280.0,26.0
1.151586,25,365.0,423.0,120.0
1.151586,9,312.0,52.0,89.0
1.151586,15,101.0,471.0,224.0
1.151586,14,59.0,383.0,194.0
1.151586,41,309.0,344.0,284.0
1.151586,27,210.0,410.0,49.0
1.151586,27,211.0,410.0,51.0
1.151586,28,167.0,335.0,13.0
1.151586,43,272.0,267.0,129.0
1.286751,43,272.0,267.0,130.0
1.286751,6,541.0,224.0,19.0
1.286751,27,212.0,411.0,51.0
1.286751,12,71.0,202.0,155.0
1.286751,1,265.0,547.0,261.0
1.286751,16,180.0,534.0,240.0
1.286751,10,208.0,71.0,108.0
1.286751,23,433.0,263.0,198.0
1.286751,25,370.0,420.0,121.0
1.286751,2,368.0,543.0,283.0
1.286751,24,426.0,356.0,159.0
1.286751,10,209.0,71.0,109.0
1.424146,14,58.0,377.0,191.0
1.424146,3,467.0,490.0,311.0
1.424146,3,467.0,491.0,310.0
1.424146,29,179.0,256.0,335.0
1.424146,23,432.0,261.0,200.0
1.424146,4,522.0,429.0,330.0
1.424146,12,73.0,197.0,157.0
1.424146,11,126.0,124.0,136.0
1.424146,3,465.0,492.0,312.0
1.424146,2,364.0,543.0,280.0
1.424146,24,427.0,352.0,158.0
1.424146,43,278.0,263.0,11.0
1.572517,23,431.0,258.0,201.0
1.572517,23,431.0,258.0,202.0
1.572517,16,173.0,530.0,239.0
1.572517,29,177.0,260.0,338.0
1.572517,16,172.0,530.0,239.0
1.572517,29,177.0,261.0,337.0
1.572517,43,281.0,262.0,117.0
1.572517,16,171.0,529.0,240.0
1.572517,9,325.0,53.0,86.0
1.572517,43,282.0,261.0,116.0
1.572517,29,176.0,262.0,338.0
1.722541,30,236.0,195.0,305.0
1.722541,29,176.0,263.0,337.0
1.722541,1,253.0,545.0,258.0
1.722541,12,76.0,191.0,150.0
1.722541,24,429.0,347.0,159.0
1.722541,23,429.0,253.0,203.0
1.722541,5,552.0,339.0,353.0
1.722541,5,552.0,340.0,356.0
1.722541,3,459.0,497.0,309.0
1.722541,30,234.0,197.0,302.0
1.722541,43,286.0,260.0,108.0
1.844539,1,250.0,545.0,255.0
1.844539,10,222.0,67.0,109.0
1.844539,11,134.0,116.0,132.0
1.844539,2,355.0,546.0,280.0
1.844539,29,174.0,267.0,341.0
1.844539,12,78.0,187.0,155.0
1.844539,12,78.0,186.0,151.0
1.844539,5,551.0,343.0,353.0
1.844539,12,78.0,186.0,153.0
1.844539,43,288.0,259.0,102.0
1.844539,3,456.0,500.0,307.0
1.978201,1,246.0,544.0,256.0
1.978201,23,427.0,247.0,205.0
1.978201,23,426.0,247.0,205.0
1.978201,43,290.0,259.0,99.0
1.978201,9,335.0,55.0,80.0
1.978201,9,336.0,55.0,81.0
1.978201,16,162.0,523.0,245.0
1.978201,16,162.0,523.0,241.0
1.978201,24,432.0,338.0,165.0
1.978201,3,453.0,502.0,307.0
1.978201,10,228.0,65.0,104.0
1.978201,29,172.0,273.0,343.0
1.978201,4,513.0,445.0,3.0
2.127858,43,293.0,259.0,97.0
2.127858,43,293.0,259.0,97.0
2.127858,43,293.0,259.0,95.0
2.127858,4,512.0,446.0,331.0
2.127858,27,233.0,425.0,59.0
2.127858,43,294.0,259.0,96.0
2.127858,41,282.0,343.0,247.0
2.127858,43,296.0,259.0,97.0
2.127858,27,234.0,426.0,58.0
2.127858,41,280.0,342.0,247.0
2.127858,24,433.0,333.0,167.0
2.127858,27,235.0,427.0,6.0
2.262711,27,235.0,427.0,62.0
2.262711,24,434.0,332.0,168.0
2.262711,10,234.0,63.0,106.0
2.262711,6,549.0,252.0,10.0
2.262711,22,364.0,182.0,245.0
2.262711,15,83.0,444.0,204.0
2.262711,24,434.0,331.0,168.0
2.262711,12,84.0,176.0,149.0
2.262711,43,300.0,258.0,90.0
2.262711,7,509.0,160.0,35.0
2.262711,22,362.0,181.0,245.0
2.262711,3,446.0,507.0,303.0
2.414943,3,445.0,507.0,305.0
2.414943,4,508.0,452.0,325.0
2.414943,43,302.0,258.0,87.0
2.414943,14,53.0,348.0,193.0
2.414943,15,82.0,441.0,202.0
2.414943,23,420.0,234.0,210.0
2.414943,43,303.0,258.0,84.0
2.414943,42,342.0,317.0,338.0
2.414943,43,303.0,258.0,79.0
2.414943,1,231.0,540.0,257.0
2.414943,43,304.0,258.0,81.0
2.414943,43,304.0,258.0,78.0
2.565571,5,548.0,361.0,343.0
2.565571,29,168.0,286.0,348.0
2.565571,14,52.0,345.0,191.0
2.565571,15,80.0,438.0,201.0
2.565571,5,547.0,362.0,347.0
2.565571,23,418.0,230.0,211.0
2.565571,13,55.0,243.0,166.0
2.565571,2,333.0,550.0,273.0
2.565571,21,269.0,168.0,283.0
2.565571,10,244.0,61.0,100.0
2.565571,21,269.0,168.0,283.0
2.565571,22,355.0,177.0,244.0
2.701162,43,307.0,259.0,75.0
2.701162,23,417.0,228.0,214.0
2.701162,41,269.0,335.0,228.0
2.701162,30,213.0,213.0,312.0
2.701162,14,51.0,340.0,189.0
2.701162,6,551.0,264.0,9.0
2.701162,5,546.0,367.0,348.0
2.701162,24,436.0,318.0,173.0
2.701162,28,182.0,376.0,32.0
2.701162,41,267.0,333.0,223.0
2.701162,3,435.0,514.0,301.0
2.701162,2,327.0,550.0,273.0
2.850404,30,211.0,215.0,313.0
2.850404,41,266.0,332.0,223.0
2.850404,16,142.0,511.0,237.0
2.850404,3,434.0,514.0,301.0
2.850404,28,184.0,378.0,33.0
2.850404,41,264.0,331.0,220.0
2.850404,43,314.0,261.0,77.0
2.850404,16,140.0,510.0,237.0
2.850404,43,314.0,261.0,76.0
2.850404,14,51.0,335.0,189.0
2.850404,5,545.0,372.0,347.0
2.850404,15,76.0,427.0,203.0
2.987474,8,452.0,101.0,53.0
2.987474,2,322.0,551.0,273.0
2.987474,42,335.0,329.0,319.0
2.987474,2,322.0,551.0,273.0
2.987474,15,76.0,425.0,202.0
2.987474,16,138.0,508.0,233.0
2.987474,22,345.0,173.0,252.0
2.987474,7,519.0,176.0,29.0
2.987474,4,496.0,467.0,320.0
2.987474,3,428.0,518.0,299.0
2.987474,2,319.0,551.0,273.0
2.987474,2,319.0,551.0,274.0
3.122475,3,428.0,518.0,301.0
3.122475,42,333.0,332.0,312.0
3.122475,3,427.0,518.0,300.0
3.122475,4,495.0,469.0,317.0
3.122475,10,258.0,58.0,96.0
3.122475,43,321.0,264.0,57.0
3.122475,4,494.0,470.0,317.0
3.122475,7,521.0,180.0,29.0
3.122475,10,259.0,58.0,99.0
3.122475,2,315.0,552.0,273.0
3.122475,30,203.0,223.0,320.0
3.122475,1,211.0,534.0,248.0
3.273154,1,211.0,533.0,247.0
3.273154,29,166.0,306.0,357.0
3.273154,13,60.0,225.0,164.0
3.273154,2,313.0,552.0,273.0
3.273154,30,202.0,225.0,319.0
3.273154,30,201.0,225.0,321.0
3.273154,14,49.0,323.0,185.0
3.273154,8,460.0,107.0,50.0
3.273154,28,191.0,389.0,40.0
3.273154,3,422.0,521.0,296.0
3.273154,3,421.0,522.0,298.0
3.273154,42,327.0,337.0,307.0
3.409956,6,554.0,283.0,4.0
3.409956,1,207.0,532.0,249.0
3.409956,22,334.0,170.0,258.0
3.409956,1,206.0,532.0,248.0
3.409956,14,49.0,320.0,185.0
3.409956,16,129.0,501.0,230.0
3.409956,16,128.0,500.0,229.0
3.409956,16,128.0,500.0,230.0
3.409956,3,418.0,523.0,296.0
3.409956,2,307.0,552.0,270.0
3.409956,16,127.0,499.0,227.0
3.409956,43,329.0,270.0,49.0
3.547101,16,127.0,499.0,227.0
3.547101,43,330.0,270.0,52.0
3.547101,27,270.0,439.0,79.0
3.547101,27,270.0,439.0,78.0
3.547101,4,486.0,479.0,317.0
3.547101,5,540.0,390.0,343.0
3.547101,43,331.0,272.0,48.0
3.547101,43,331.0,272.0,48.0
3.547101,5,539.0,391.0,339.0
3.547101,23,400.0,207.0,225.0
3.547101,23,399.0,207.0,225.0
3.547101,3,414.0,525.0,297.0
3.696303,21,241.0,178.0,297.0
3.696303,3,413.0,525.0,297.0
3.696303,5,539.0,393.0,341.0
3.696303,15,69.0,407.0,201.0
3.696303,13,64.0,213.0,164.0
3.696303,9,384.0,66.0,72.0
3.696303,2,300.0,552.0,270.0
3.696303,5,538.0,394.0,341.0
3.696303,43,333.0,274.0,38.0
3.696303,16,122.0,494.0,222.0
3.696303,29,166.0,321.0,3.0
3.696303,43,334.0,275.0,37.0
3.831926,29,166.0,322.0,7.0
3.831926,4,481.0,483.0,314.0
3.831926,5,538.0,396.0,341.0
3.831926,16,120.0,492.0,222.0
3.831926,8,471.0,117.0,45.0
3.831926,16,120.0,492.0,223.0
3.831926,26,359.0,427.0,116.0
3.831926,3,407.0,528.0,295.0
3.831926,42,314.0,343.0,288.0
3.831926,24,435.0,285.0,189.0
3.831926,22,320.0,167.0,263.0
3.831926,1,193.0,526.0,242.0
3.980493,43,336.0,278.0,27.0
3.980493,22,319.0,167.0,261.0
3.980493,42,311.0,344.0,288.0
3.980493,1,191.0,525.0,243.0
3.980493,8,474.0,120.0,44.0
3.980493,13,67.0,205.0,157.0
3.980493,7,532.0,201.0,28.0
3.980493,41,254.0,300.0,181.0
3.980493,12,112.0,136.0,141.0
3.980493,41,254.0,299.0,181.0
3.980493,3,403.0,530.0,294.0
3.980493,23,390.0,198.0,232.0
4.117471,4,475.0,489.0,309.0
4.117471,5,535.0,404.0,341.0
4.117471,12,113.0,134.0,139.0
4.117471,22,313.0,166.0,267.0
4.117471,13,68.0,201.0,155.0
4.117471,12,114.0,133.0,138.0
4.117471,2,287.0,552.0,266.0
4.117471,23,388.0,196.0,232.0
4.117471,3,399.0,532.0,293.0
4.117471,14,49.0,298.0,181.0
4.117471,41,253.0,294.0,176.0
4.117471,43,339.0,285.0,27.0
4.267922,9,398.0,71.0,68.0
4.267922,16,113.0,484.0,216.0
4.267922,4,472.0,492.0,306.0
4.267922,42,304.0,345.0,271.0
4.267922,28,210.0,409.0,50.0
4.267922,43,340.0,286.0,23.0
4.267922,21,225.0,187.0,303.0
4.267922,21,224.0,188.0,303.0
4.267922,24,433.0,273.0,192.0
4.267922,43,340.0,287.0,21.0
4.267922,26,371.0,420.0,120.0
4.267922,43,341.0,288.0,18.0
4.403208,43,341.0,288.0,16.0
4.403208,13,71.0,195.0,153.0
4.403208,13,71.0,194.0,155.0
4.403208,2,280.0,551.0,264.0
4.403208,26,373.0,419.0,121.0
4.403208,15,61.0,388.0,195.0
4.403208,15,61.0,387.0,193.0
4.403208,15,61.0,387.0,193.0
4.403208,2,278.0,551.0,263.0
4.403208,22,304.0,165.0,269.0
4.403208,7,538.0,213.0,21.0
4.403208,3,391.0,535.0,292.0
4.403208,28,215.0,413.0,5.0
4.540192,16,109.0,477.0,213.0
4.540192,12,122.0,125.0,135.0
4.540192,6,555.0,316.0,357.0
4.540192,4,464.0,498.0,309.0
4.540192,41,256.0,284.0,159.0
4.540192,3,389.0,536.0,290.0
4.540192,43,341.0,294.0,8.0
4.540192,2,274.0,551.0,261.0
4.540192,15,60.0,383.0,191.0
4.540192,7,539.0,217.0,21.0
4.540192,43,341.0,295.0,6.0
4.540192,43,341.0,295.0,6.0
4.703034,1,174.0,516.0,242.0
4.703034,23,376.0,188.0,237.0
4.703034,11,203.0,74.0,112.0
4.703034,30,180.0,258.0,333.0
4.703034,29,170.0,348.0,17.0
4.703034,21,215.0,194.0,310.0
4.703034,9,411.0,76.0,64.0
4.703034,29,170.0,349.0,17.0
4.703034,42,289.0,344.0,256.0
4.703034,21,214.0,195.0,311.0
4.703034,29,171.0,350.0,17.0
4.703034,43,342.0,300.0,6.0
4.838141,23,373.0,185.0,239.0
4.838141,3,382.0,538.0,290.0
4.838141,1,170.0,514.0,240.0
4.838141,43,342.0,301.0,4.0
4.838141,29,171.0,351.0,19.0
4.838141,43,342.0,302.0,1.0
4.838141,5,526.0,424.0,335.0
4.838141,43,342.0,303.0,1.0
4.838141,43,342.0,303.0,359.0
4.838141,43,342.0,303.0,359.0
4.838141,30,177.0,264.0,340.0
4.838141,43,342.0,304.0,359.0
4.989110,10,311.0,55.0,89.0
4.989110,6,554.0,329.0,357.0
4.989110,8,494.0,141.0,40.0
4.989110,14,50.0,275.0,172.0
5.127644,43,342.0,307.0,349.0
5.127644,3,374.0,541.0,288.0
5.127644,24,426.0,252.0,203.0
5.127644,43,342.0,309.0,345.0
5.127644,43,342.0,309.0,345.0
5.127644,1,162.0,508.0,233.0
5.127644,24,425.0,250.0,204.0
5.127644,23,363.0,180.0,244.0
5.127644,1,161.0,508.0,235.0
5.127644,14,52.0,267.0,172.0
5.127644,14,52.0,267.0,173.0
5.127644,1,160.0,507.0,2.0
5.275063,1,160.0,507.0,236.0
5.275063,16,96.0,459.0,213.0
5.275063,1,159.0,507.0,235.0
5.275063,16,96.0,459.0,212.0
5.275063,43,340.0,314.0,344.0
5.275063,2,254.0,548.0,259.0
5.275063,29,176.0,364.0,25.0
5.275063,24,423.0,246.0,205.0
5.275063,3,368.0,543.0,288.0
5.275063,14,52.0,263.0,171.0
5.275063,13,84.0,169.0,153.0
5.275063,28,236.0,427.0,63.0
5.422472,29,177.0,366.0,26.0
5.422472,13,84.0,168.0,150.0
5.422472,43,340.0,317.0,340.0
5.422472,28,237.0,427.0,65.0
5.422472,43,339.0,318.0,340.0
5.422472,29,177.0,367.0,27.0
5.422472,11,224.0,67.0,106.0
5.422472,24,422.0,243.0,208.0
5.422472,29,178.0,368.0,27.0
5.422472,5,517.0,440.0,328.0
5.422472,29,178.0,369.0,28.0
5.422472,5,517.0,440.0,329.0
5.573718,11,226.0,67.0,105.0
5.573718,43,338.0,319.0,334.0
5.573718,43,338.0,319.0,333.0
5.573718,43,338.0,319.0,333.0
5.573718,5,516.0,442.0,330.0
5.573718,43,338.0,320.0,331.0
5.573718,2,246.0,546.0,255.0
5.573718,3,361.0,544.0,281.0
5.573718,43,337.0,321.0,325.0
5.573718,30,171.0,284.0,348.0
5.573718,9,434.0,90.0,58.0
5.573718,42,267.0,331.0,223.0
5.707520,13,89.0,162.0,147.0
5.707520,12,148.0,104.0,124.0
5.707520,12,148.0,103.0,124.0
5.707520,3,358.0,545.0,281.0
5.707520,14,55.0,252.0,174.0
5.707520,41,277.0,259.0,117.0
5.707520,43,336.0,323.0,319.0
5.707520,12,149.0,103.0,122.0
5.707520,5,513.0,446.0,328.0
5.707520,7,548.0,249.0,12.0
5.707520,27,336.0,437.0,105.0
5.707520,6,552.0,353.0,34.0
5.843768,21,193.0,217.0,324.0
5.843768,27,337.0,436.0,107.0
5.843768,43,334.0,325.0,325.0
5.843768,43,334.0,325.0,325.0
5.843768,22,263.0,171.0,290.0
5.843768,5,511.0,448.0,323.0
5.843768,15,52.0,347.0,189.0
5.843768,29,184.0,379.0,32.0
5.843768,26,406.0,392.0,139.0
5.843768,29,184.0,379.0,33.0
5.843768,5,510.0,450.0,320.0
5.992415,5,510.0,450.0,318.0
5.992415,43,331.0,329.0,320.0
5.992415,25,437.0,312.0,175.0
5.992415,25,437.0,311.0,177.0
5.992415,43,331.0,330.0,319.0
5.992415,27,341.0,435.0,106.0
5.992415,41,285.0,255.0,107.0
5.992415,43,330.0,331.0,317.0
5.992415,26,408.0,389.0,139.0
5.992415,5,508.0,452.0,320.0
5.992415,43,329.0,331.0,319.0
5.992415,26,409.0,388.0,143.0
6.128397,21,188.0,223.0,326.0
6.128397,6,550.0,361.0,351.0
6.128397,43,329.0,332.0,319.0
6.128397,15,51.0,340.0,184.0
6.128397,15,51.0,339.0,186.0
6.128397,6,550.0,362.0,353.0
6.128397,26,410.0,386.0,143.0
6.128397,43,328.0,333.0,315.0
6.128397,43,328.0,333.0,314.0
6.128397,9,447.0,99.0,53.0
6.128397,13,98.0,149.0,140.0
6.128397,21,186.0,226.0,327.0
6.277844,13,98.0,148.0,140.0
6.277844,43,327.0,334.0,310.0
6.277844,14,58.0,238.0,169.0
6.277844,30,168.0,302.0,0.0
6.277844,5,503.0,458.0,322.0
6.277844,5,503.0,458.0,322.0
6.277844,9,450.0,101.0,55.0
6.277844,5,503.0,458.0,322.0
6.277844,1,135.0,488.0,229.0
6.277844,16,81.0,432.0,210.0
6.277844,29,191.0,390.0,37.0
6.277844,2,224.0,541.0,253.0
6.413280,3,338.0,548.0,278.0
6.413280,14,59.0,234.0,169.0
6.413280,11,251.0,61.0,102.0
6.413280,24,407.0,220.0,218.0
6.413280,3,338.0,549.0,278.0
6.413280,1,133.0,486.0,228.0
6.413280,7,552.0,268.0,6.0
6.413280,43,323.0,337.0,300.0
6.413280,6,549.0,371.0,344.0
6.413280,9,454.0,104.0,55.0
6.413280,7,552.0,269.0,6.0
6.413280,9,455.0,104.0,56.0
6.413280,4,417.0,528.0,299.0
6.563752,25,437.0,296.0,183.0
6.563752,24,405.0,217.0,219.0
6.563752,13,103.0,141.0,143.0
6.563752,1,130.0,484.0,225.0
6.563752,29,194.0,395.0,40.0
6.563752,3,333.0,549.0,278.0
6.563752,29,195.0,395.0,40.0
6.563752,29,195.0,396.0,40.0
6.563752,2,217.0,539.0,251.0
6.563752,6,547.0,375.0,342.0
6.563752,9,458.0,107.0,53.0
6.563752,41,304.0,254.0,84.0
6.698823,26,418.0,374.0,148.0
6.698823,41,305.0,254.0,83.0
6.698823,3,330.0,549.0,275.0
6.698823,43,315.0,342.0,295.0
6.698823,30,167.0,315.0,0.0
6.698823,41,306.0,254.0,81.0
6.698823,15,50.0,323.0,179.0
6.698823,43,315.0,342.0,295.0
6.698823,28,273.0,439.0,84.0
6.698823,1,126.0,479.0,224.0
6.698823,43,314.0,342.0,294.0
6.698823,12,175.0,87.0,118.0
6.848223,43,314.0,343.0,291.0
6.848223,5,494.0,469.0,319.0
6.848223,6,545.0,381.0,343.0
6.848223,4,408.0,532.0,292.0
6.848223,23,317.0,165.0,264.0
6.848223,28,276.0,440.0,84.0
6.848223,5,493.0,471.0,320.0
6.848223,9,463.0,111.0,49.0
6.848223,8,525.0,186.0,27.0
6.848223,4,407.0,532.0,294.0
6.848223,9,464.0,112.0,51.0
6.848223,3,323.0,550.0,276.0
6.984053,12,179.0,85.0,117.0
6.984053,8,526.0,188.0,27.0
6.984053,43,310.0,344.0,279.0
6.984053,2,207.0,535.0,246.0
6.984053,12,180.0,84.0,114.0
6.984053,7,554.0,284.0,10.0
6.984053,43,310.0,344.0,279.0
6.984053,7,554.0,284.0,7.0
6.984053,43,308.0,344.0,275.0
6.984053,3,319.0,550.0,276.0
6.984053,3,319.0,550.0,275.0
6.984053,1,120.0,473.0,222.0
7.121032,16,71.0,413.0,205.0
7.121032,14,64.0,215.0,162.0
7.121032,2,204.0,534.0,245.0
7.121032,3,317.0,550.0,275.0
7.121032,2,203.0,534.0,248.0
7.121032,22,229.0,186.0,301.0
7.121032,5,487.0,477.0,316.0
7.121032,30,168.0,328.0,9.0
7.121032,43,305.0,345.0,273.0
7.121032,10,374.0,66.0,71.0
7.121032,27,373.0,421.0,119.0
7.121032,13,116.0,126.0,135.0
7.269359,21,173.0,252.0,338.0
7.269359,14,66.0,211.0,161.0
7.269359,22,227.0,187.0,304.0
7.269359,15,50.0,307.0,181.0
7.269359,3,313.0,551.0,276.0
7.269359,22,226.0,188.0,301.0
7.269359,8,530.0,196.0,23.0
7.269359,22,226.0,188.0,302.0
7.269359,21,172.0,254.0,338.0
7.269359,12,189.0,80.0,114.0
7.269359,43,301.0,345.0,269.0
7.269359,30,169.0,333.0,8.0
7.408916,27,377.0,418.0,120.0
7.408916,6,541.0,396.0,337.0
7.408916,9,475.0,121.0,50.0
7.408916,25,432.0,271.0,193.0
7.408916,30,169.0,334.0,9.0
7.408916,21,171.0,257.0,341.0
7.408916,21,171.0,257.0,339.0
7.408916,14,68.0,205.0,161.0
7.408916,10,382.0,68.0,69.0
7.408916,26,429.0,354.0,160.0
7.408916,2,194.0,530.0,242.0
7.408916,43,297.0,345.0,256.0
7.408916,41,327.0,262.0,5.0
7.555157,21,170.0,260.0,342.0
7.555157,30,169.0,338.0,10.0
7.555157,43,295.0,345.0,253.0
7.555157,4,389.0,539.0,288.0
7.555157,41,329.0,264.0,49.0
7.555157,28,297.0,441.0,89.0
7.555157,43,294.0,345.0,252.0
7.555157,43,294.0,345.0,252.0
7.555157,43,294.0,344.0,252.0
7.555157,3,303.0,551.0,273.0
7.555157,16,66.0,398.0,199.0
7.555157,7,556.0,302.0,1.0
7.692802,43,293.0,344.0,250.0
7.692802,9,481.0,126.0,46.0
7.692802,11,287.0,56.0,93.0
7.692802,12,199.0,76.0,112.0
7.692802,21,169.0,265.0,344.0
7.692802,7,556.0,303.0,1.0
7.692802,41,333.0,267.0,45.0
7.692802,11,289.0,55.0,95.0
7.692802,43,290.0,343.0,253.0
7.692802,5,475.0,489.0,312.0
7.692802,43,290.0,343.0,253.0
7.692802,43,289.0,343.0,253.0
7.839370,43,289.0,343.0,252.0
7.839370,26,432.0,344.0,163.0
7.839370,9,484.0,129.0,45.0
7.839370,7,556.0,307.0,0.0
7.839370,15,50.0,290.0,171.0
7.839370,21,168.0,269.0,347.0
7.839370,43,286.0,342.0,252.0
7.839370,3,295.0,551.0,271.0
7.839370,10,393.0,72.0,69.0
7.839370,21,167.0,270.0,348.0
7.839370,43,285.0,341.0,252.0
7.839370,43,285.0,341.0,252.0
7.990263,3,293.0,551.0,270.0
7.990263,12,205.0,73.0,113.0
7.990263,24,375.0,190.0,239.0
7.990263,27,391.0,408.0,128.0
7.990263,2,181.0,523.0,238.0
7.990263,24,374.0,190.0,240.0
7.990263,43,282.0,340.0,248.0
7.990263,43,282.0,340.0,248.0
7.990263,9,488.0,133.0,42.0
7.990263,9,488.0,134.0,42.0
7.990263,13,135.0,110.0,128.0
7.990263,24,372.0,188.0,240.0
8.125201,43,281.0,340.0,245.0
8.125201,23,280.0,166.0,280.0
8.125201,43,280.0,339.0,243.0
8.125201,26,434.0,336.0,166.0
8.125201,6,532.0,416.0,334.0
8.125201,3,287.0,551.0,269.0
8.125201,43,279.0,339.0,238.0
8.125201,10,401.0,76.0,65.0
8.125201,5,465.0,496.0,310.0
8.125201,12,212.0,71.0,110.0
8.125201,3,286.0,551.0,269.0
8.125201,11,302.0,55.0,90.0
8.275218,24,368.0,186.0,241.0
8.275218,13,139.0,107.0,123.0
8.275218,43,277.0,338.0,231.0
8.275218,26,435.0,332.0,171.0
8.275218,14,77.0,183.0,153.0
8.275218,13,140.0,106.0,124.0
8.275218,11,305.0,55.0,89.0
8.275218,5,462.0,499.0,311.0
8.275218,13,141.0,106.0,122.0
8.275218,14,78.0,182.0,154.0
8.275218,27,399.0,401.0,132.0
8.275218,14,78.0,181.0,155.0
8.409430,30,175.0,361.0,23.0
8.409430,15,52.0,274.0,176.0
8.409430,43,275.0,335.0,227.0
8.409430,9,495.0,141.0,41.0
8.409430,29,236.0,428.0,63.0
8.409430,15,52.0,273.0,176.0
8.409430,43,273.0,334.0,226.0
8.409430,9,496.0,143.0,41.0
8.409430,12,219.0,68.0,108.0
8.409430,4,363.0,546.0,285.0
8.409430,5,459.0,502.0,307.0
8.409430,28,324.0,439.0,101.0
8.560702,2,167.0,515.0,238.0
8.560702,2,167.0,515.0,238.0
8.560702,29,239.0,429.0,63.0
8.560702,4,361.0,547.0,282.0
8.560702,9,498.0,145.0,39.0
8.560702,10,411.0,80.0,65.0
8.560702,28,327.0,439.0,104.0
8.560702,28,327.0,438.0,102.0
8.560702,4,359.0,547.0,284.0
8.560702,3,274.0,550.0,264.0
8.694150,2,164.0,513.0,235.0
8.694150,4,358.0,547.0,283.0
8.694150,1,91.0,438.0,214.0
8.694150,1,91.0,438.0,214.0
8.694150,2,163.0,512.0,235.0
8.694150,2,163.0,512.0,234.0
8.694150,5,453.0,506.0,307.0
8.694150,43,267.0,328.0,221.0
8.694150,11,318.0,56.0,85.0
8.694150,14,84.0,171.0,151.0
8.694150,23,261.0,171.0,288.0
8.694150,43,267.0,327.0,217.0
8.829577,21,164.0,295.0,357.0
8.829577,23,260.0,171.0,286.0
8.829577,11,320.0,56.0,86.0
8.829577,5,451.0,508.0,302.0
8.829577,5,450.0,508.0,306.0
8.829577,25,417.0,233.0,213.0
8.829577,21,164.0,297.0,359.0
8.829577,10,419.0,84.0,63.0
8.829577,12,230.0,64.0,106.0
8.829577,43,265.0,325.0,207.0
8.829577,16,57.0,364.0,192.0
8.829577,43,265.0,325.0,207.0
8.968086,43,265.0,324.0,207.0
8.968086,43,265.0,324.0,205.0
8.968086,21,164.0,300.0,0.0
8.968086,3,264.0,549.0,262.0
8.968086,13,157.0,96.0,120.0
8.968086,27,411.0,387.0,141.0
8.968086,23,254.0,173.0,290.0
8.968086,14,87.0,165.0,149.0
8.968086,3,262.0,548.0,264.0
8.968086,43,264.0,322.0,204.0
8.968086,43,264.0,321.0,206.0
8.968086,15,55.0,255.0,170.0
9.117235,43,263.0,320.0,204.0
9.117235,3,261.0,548.0,264.0
9.117235,22,189.0,223.0,326.0
9.117235,8,547.0,246.0,15.0
9.117235,24,345.0,175.0,252.0
9.117235,10,425.0,87.0,62.0
9.117235,43,262.0,318.0,203.0
9.117235,15,55.0,252.0,170.0
9.117235,2,152.0,505.0,233.0
9.117235,10,427.0,88.0,63.0
9.117235,13,162.0,92.0,119.0
9.117235,27,415.0,383.0,145.0
9.253262,6,516.0,443.0,326.0
9.253262,2,150.0,504.0,233.0
9.253262,8,548.0,249.0,15.0
9.253262,26,437.0,304.0,179.0
9.253262,30,187.0,383.0,35.0
9.253262,43,261.0,315.0,203.0
9.253262,1,82.0,423.0,208.0
9.253262,9,510.0,162.0,32.0
9.253262,43,261.0,314.0,199.0
9.253262,41,345.0,309.0,344.0
9.253262,5,438.0,515.0,302.0
9.253262,5,438.0,515.0,302.0
9.253262,22,185.0,230.0,3.0
9.403847,3,252.0,547.0,258.0
9.403847,4,338.0,551.0,276.0
9.403847,7,554.0,352.0,350.0
9.403847,2,146.0,500.0,233.0
9.403847,41,344.0,312.0,342.0
9.403847,43,260.0,311.0,192.0
9.403847,41,344.0,313.0,340.0
9.403847,43,260.0,311.0,192.0
9.403847,41,344.0,313.0,338.0
9.403847,30,190.0,388.0,36.0
9.403847,41,343.0,314.0,339.0
9.538445,1,79.0,418.0,205.0
9.538445,13,171.0,88.0,120.0
9.538445,2,143.0,498.0,232.0
9.538445,6,512.0,451.0,323.0
9.538445,27,420.0,374.0,148.0
9.538445,16,54.0,345.0,189.0
9.538445,16,54.0,344.0,186.0
9.538445,5,432.0,519.0,300.0
9.538445,26,437.0,294.0,189.0
9.538445,2,141.0,497.0,231.0
9.538445,14,97.0,150.0,143.0
9.538445,22,181.0,237.0,333.0
9.538445,9,515.0,171.0,3.0
9.688777,4,329.0,552.0,279.0
9.688777,5,430.0,520.0,300.0
9.688777,28,356.0,430.0,113.0
9.688777,43,259.0,305.0,185.0
9.688777,41,341.0,320.0,334.0
9.688777,29,271.0,440.0,80.0
9.688777,26,436.0,290.0,193.0
9.688777,6,508.0,455.0,322.0
9.688777,41,340.0,321.0,336.0
9.688777,29,273.0,440.0,81.0
9.688777,21,166.0,324.0,9.0
9.688777,43,259.0,302.0,1.0
9.822828,4,325.0,553.0,278.0
9.822828,29,274.0,440.0,83.0
9.822828,15,59.0,234.0,163.0
9.822828,4,324.0,553.0,275.0
9.822828,11,349.0,61.0,80.0
9.822828,4,323.0,553.0,276.0
9.822828,22,178.0,242.0,337.0
9.822828,3,238.0,543.0,256.0
9.822828,7,551.0,366.0,347.0
9.822828,4,322.0,553.0,276.0
9.822828,5,424.0,523.0,301.0
9.822828,1,74.0,407.0,205.0
9.972665,9,519.0,178.0,28.0
9.972665,4,321.0,553.0,276.0
9.972665,42,319.0,259.0,66.0
9.972665,8,553.0,270.0,10.0
9.972665,6,504.0,461.0,318.0
9.972665,41,337.0,327.0,319.0
9.972665,8,553.0,271.0,11.0
9.972665,43,259.0,296.0,173.0
9.972665,10,447.0,101.0,55.0
9.972665,8,553.0,272.0,9.0
9.972665,14,105.0,141.0,134.0
9.972665,3,233.0,542.0,256.0
10.123424,9,521.0,181.0,27.0
10.123424,23,226.0,187.0,303.0
10.123424,5,419.0,526.0,295.0
10.259162,43,259.0,290.0,159.0
10.259162,27,429.0,356.0,161.0
10.259162,15,61.0,222.0,168.0
10.259162,43,260.0,289.0,157.0
10.259162,5,414.0,528.0,296.0
10.259162,41,331.0,334.0,315.0
10.259162,4,310.0,554.0,273.0
10.259162,43,260.0,287.0,159.0
10.259162,1,69.0,397.0,200.0
10.259162,5,412.0,529.0,295.0
10.259162,5,412.0,529.0,296.0
10.259162,4,308.0,554.0,270.0
10.401469,5,412.0,529.0,295.0
10.401469,1,68.0,395.0,202.0
10.401469,41,329.0,336.0,307.0
10.401469,23,218.0,192.0,307.0
10.401469,15,63.0,217.0,165.0
10.401469,26,432.0,269.0,193.0
10.401469,2,123.0,481.0,225.0
10.401469,1,68.0,393.0,200.0
10.401469,5,410.0,530.0,292.0
10.401469,16,52.0,319.0,179.0
10.401469,16,52.0,319.0,180.0
10.401469,16,52.0,318.0,181.0
10.552044,26,432.0,267.0,196.0
10.552044,43,263.0,282.0,151.0
10.552044,16,52.0,318.0,180.0
10.552044,43,263.0,281.0,150.0
10.552044,5,407.0,531.0,296.0
10.552044,5,406.0,532.0,293.0
10.552044,23,214.0,196.0,307.0
10.552044,43,264.0,280.0,148.0
10.552044,16,52.0,315.0,181.0
10.552044,6,492.0,475.0,315.0
10.552044,6,492.0,475.0,315.0
10.552044,28,380.0,417.0,128.0
10.701481,4,301.0,554.0,271.0
10.701481,27,433.0,344.0,167.0
10.701481,43,264.0,279.0,144.0
10.701481,21,172.0,349.0,19.0
10.701481,29,300.0,443.0,89.0
10.701481,43,265.0,278.0,138.0
10.701481,3,214.0,536.0,252.0
10.701481,4,298.0,554.0,267.0
10.701481,26,430.0,261.0,199.0
10.701481,4,297.0,554.0,270.0
10.701481,27,434.0,341.0,170.0
10.701481,12,285.0,56.0,91.0
10.836498,43,267.0,276.0,138.0
10.836498,43,267.0,276.0,137.0
10.836498,3,212.0,536.0,249.0
10.836498,42,337.0,274.0,35.0
10.836498,42,338.0,275.0,35.0
10.836498,22,169.0,268.0,348.0
10.836498,27,435.0,338.0,168.0
10.836498,4,293.0,553.0,270.0
10.836498,7,543.0,393.0,341.0
10.836498,43,269.0,274.0,140.0
10.836498,3,209.0,535.0,249.0
10.836498,30,220.0,417.0,58.0
10.973570,43,269.0,273.0,137.0
10.973570,2,113.0,470.0,217.0
10.973570,21,175.0,356.0,23.0
10.973570,7,542.0,395.0,342.0
10.973570,43,270.0,272.0,139.0
10.973570,4,290.0,553.0,270.0
10.973570,21,176.0,357.0,23.0
10.973570,7,542.0,397.0,340.0
10.973570,9,533.0,206.0,24.0
10.973570,9,534.0,206.0,23.0
10.973570,15,68.0,200.0,157.0
10.973570,24,289.0,169.0,274.0
11.123386,27,436.0,331.0,168.0
11.123386,3,204.0,533.0,248.0
11.123386,7,541.0,399.0,341.0
11.123386,3,204.0,532.0,250.0
11.123386,43,273.0,269.0,135.0
11.123386,42,342.0,282.0,22.0
11.123386,16,52.0,300.0,181.0
11.123386,13,213.0,67.0,107.0
11.123386,29,314.0,442.0,99.0
11.123386,12,296.0,56.0,91.0
11.243562,26,425.0,248.0,204.0
11.243562,4,283.0,553.0,269.0
11.243562,5,389.0,538.0,286.0
11.243562,30,227.0,422.0,59.0
11.243562,7,539.0,403.0,338.0
11.243562,42,343.0,286.0,20.0
11.243562,3,199.0,531.0,247.0
11.243562,41,306.0,345.0,279.0
11.243562,30,229.0,423.0,59.0
11.243562,23,199.0,210.0,317.0
11.243562,43,277.0,266.0,123.0
11.243562,43,277.0,266.0,124.0
11.393297,4,280.0,553.0,262.0
11.393297,30,230.0,424.0,59.0
11.393297,2,105.0,461.0,217.0
11.393297,21,180.0,367.0,29.0
11.393297,10,477.0,126.0,45.0
11.393297,3,196.0,529.0,247.0
11.393297,5,384.0,540.0,287.0
11.393297,7,538.0,407.0,337.0
11.393297,7,537.0,408.0,337.0
11.393297,7,537.0,408.0,339.0
11.393297,6,474.0,492.0,310.0
11.393297,5,382.0,541.0,286.0
11.527536,4,276.0,552.0,264.0
11.527536,14,136.0,112.0,133.0
11.527536,24,277.0,171.0,280.0
11.527536,14,137.0,112.0,130.0
11.527536,12,306.0,56.0,89.0
11.527536,22,165.0,289.0,356.0
11.527536,25,359.0,182.0,247.0
11.527536,43,283.0,263.0,117.0
11.527536,4,273.0,552.0,264.0
11.527536,30,236.0,427.0,64.0
11.527536,16,51.0,286.0,180.0
11.527536,5,378.0,542.0,286.0
11.678981,7,535.0,413.0,335.0
11.678981,30,237.0,428.0,67.0
11.678981,25,356.0,180.0,246.0
11.678981,4,270.0,552.0,264.0
11.678981,25,356.0,180.0,246.0
11.678981,23,192.0,218.0,324.0
11.678981,4,269.0,552.0,265.0
11.678981,26,418.0,235.0,211.0
11.678981,6,469.0,497.0,306.0
11.678981,22,165.0,294.0,357.0
11.678981,10,484.0,134.0,44.0
11.678981,11,402.0,77.0,66.0
11.815472,29,331.0,439.0,102.0
11.815472,3,186.0,524.0,245.0
11.815472,4,267.0,551.0,264.0
11.815472,30,242.0,430.0,71.0
11.815472,30,242.0,430.0,72.0
11.815472,6,466.0,499.0,308.0
11.815472,5,371.0,544.0,283.0
11.815472,25,351.0,178.0,249.0
11.815472,25,350.0,178.0,248.0
11.815472,2,96.0,450.0,214.0
11.815472,4,264.0,551.0,264.0
11.815472,26,416.0,230.0,213.0
11.966486,3,183.0,523.0,241.0
11.966486,4,263.0,551.0,265.0
11.966486,4,263.0,551.0,264.0
11.966486,28,408.0,391.0,143.0
11.966486,27,438.0,307.0,179.0
11.966486,28,408.0,390.0,142.0
11.966486,21,190.0,381.0,35.0
11.966486,10,488.0,138.0,37.0
11.966486,8,557.0,333.0,354.0
11.966486,5,367.0,545.0,282.0
11.966486,27,438.0,304.0,180.0
11.966486,4,259.0,550.0,263.0
12.100866,5,365.0,545.0,282.0
12.100866,23,186.0,228.0,327.0
12.100866,24,261.0,175.0,286.0
12.100866,9,544.0,234.0,21.0
12.100866,28,411.0,387.0,140.0
12.100866,4,257.0,550.0,267.0
12.100866,4,257.0,550.0,264.0
12.100866,4,257.0,550.0,264.0
12.100866,41,281.0,342.0,246.0
12.100866,1,54.0,347.0,189.0
12.100866,43,299.0,258.0,93.0
12.100866,4,256.0,550.0,266.0
12.236450,23,184.0,231.0,329.0
12.236450,43,300.0,258.0,93.0
12.236450,25,341.0,175.0,253.0
12.236450,4,254.0,550.0,264.0
12.236450,13,244.0,59.0,101.0
12.236450,13,244.0,59.0,99.0
12.236450,1,53.0,344.0,186.0
12.236450,6,456.0,506.0,309.0
12.236450,16,52.0,267.0,175.0
12.236450,12,329.0,57.0,84.0
12.236450,22,165.0,311.0,3.0
12.236450,3,173.0,517.0,239.0
12.384664,27,438.0,295.0,181.0
12.384664,13,247.0,59.0,101.0
12.384664,25,337.0,173.0,256.0
12.384664,27,438.0,294.0,181.0
12.384664,6,453.0,508.0,305.0
12.384664,21,197.0,390.0,41.0
12.384664,8,556.0,345.0,351.0
12.384664,30,258.0,436.0,75.0
12.384664,16,52.0,263.0,174.0
12.384664,6,452.0,509.0,305.0
12.384664,41,274.0,337.0,234.0
12.384664,16,52.0,262.0,174.0
12.384664,6,451.0,510.0,3.0
12.522850,41,272.0,337.0,231.0
12.522850,43,307.0,258.0,75.0
12.522850,13,252.0,58.0,102.0
12.522850,41,271.0,336.0,233.0
12.522850,22,165.0,317.0,6.0
12.522850,4,245.0,548.0,256.0
12.522850,16,53.0,259.0,171.0
12.522850,28,418.0,376.0,153.0
12.522850,29,353.0,433.0,112.0
12.522850,16,53.0,258.0,169.0
12.522850,4,244.0,548.0,257.0
12.522850,27,437.0,287.0,1.0
12.670502,30,264.0,438.0,75.0
12.670502,4,243.0,547.0,254.0
12.670502,42,339.0,323.0,328.0
12.670502,41,268.0,333.0,228.0
12.670502,8,555.0,352.0,349.0
12.670502,30,266.0,438.0,77.0
12.670502,16,53.0,255.0,167.0
12.670502,4,241.0,547.0,258.0
12.670502,41,267.0,332.0,227.0
12.670502,30,267.0,438.0,77.0
12.670502,7,520.0,441.0,330.0
12.670502,7,520.0,441.0,32.0
12.804898,27,437.0,283.0,188.0
12.804898,1,51.0,329.0,188.0
12.804898,16,54.0,253.0,166.0
12.804898,7,519.0,443.0,325.0
12.804898,42,336.0,327.0,323.0
12.804898,7,519.0,443.0,328.0
12.804898,2,81.0,426.0,207.0
12.804898,3,160.0,508.0,235.0
12.804898,43,318.0,262.0,72.0
12.804898,1,51.0,326.0,186.0
12.804898,6,441.0,517.0,298.0
12.804898,7,517.0,445.0,326.0
12.955884,10,504.0,161.0,36.0
12.955884,5,341.0,549.0,281.0
12.955884,3,158.0,507.0,235.0
12.955884,8,554.0,360.0,351.0
12.955884,5,340.0,550.0,281.0
12.955884,13,265.0,56.0,97.0
12.955884,4,233.0,545.0,256.0
12.955884,25,319.0,170.0,262.0
12.955884,22,167.0,330.0,14.0
12.955884,8,553.0,362.0,353.0
12.955884,4,231.0,545.0,256.0
12.955884,5,337.0,550.0,279.0
13.105590,5,337.0,550.0,279.0
13.105590,41,261.0,324.0,215.0
13.105590,4,230.0,545.0,256.0
13.105590,43,324.0,264.0,61.0
13.105590,5,336.0,550.0,279.0
13.105590,2,77.0,419.0,204.0
13.105590,2,77.0,419.0,203.0
13.105590,26,393.0,204.0,229.0
13.105590,3,153.0,504.0,237.0
13.105590,27,435.0,272.0,194.0
13.105590,3,152.0,503.0,237.0
13.105590,43,326.0,265.0,54.0
13.240267,13,271.0,55.0,93.0
13.240267,42,329.0,336.0,309.0
13.240267,21,214.0,407.0,51.0
13.240267,22,168.0,337.0,16.0
13.240267,41,258.0,320.0,207.0
13.240267,6,432.0,522.0,295.0
13.240267,4,225.0,543.0,251.0
13.240267,28,427.0,358.0,157.0
13.240267,4,225.0,543.0,252.0
13.240267,15,104.0,145.0,143.0
13.240267,6,431.0,522.0,295.0
13.240267,43,329.0,268.0,49.0
13.390396,29,373.0,423.0,120.0
13.390396,12,359.0,62.0,80.0
13.390396,43,329.0,268.0,48.0
13.390396,7,510.0,456.0,328.0
13.390396,10,512.0,172.0,35.0
13.390396,14,182.0,81.0,115.0
13.390396,8,551.0,373.0,346.0
13.390396,6,428.0,524.0,298.0
13.390396,16,59.0,235.0,163.0
13.390396,41,256.0,314.0,198.0
13.390396,5,325.0,551.0,278.0
13.390396,7,509.0,458.0,326.0
13.525553,7,508.0,459.0,325.0
13.525553,41,256.0,313.0,196.0
13.525553,5,324.0,552.0,276.0
13.525553,8,550.0,376.0,342.0
13.525553,6,425.0,525.0,296.0
13.525553,11,446.0,102.0,55.0
13.525553,5,323.0,552.0,277.0
13.525553,22,171.0,345.0,16.0
13.525553,11,447.0,103.0,51.0
13.525553,4,216.0,540.0,254.0
13.525553,4,216.0,540.0,253.0
13.525553,4,216.0,540.0,252.0
13.660918,8,549.0,379.0,342.0
13.660918,43,336.0,274.0,46.0
13.660918,7,506.0,462.0,323.0
13.660918,7,505.0,463.0,322.0
13.660918,3,141.0,494.0,231.0
13.660918,14,189.0,78.0,112.0
13.660918,7,505.0,463.0,320.0
13.660918,3,140.0,494.0,231.0
13.660918,7,504.0,464.0,321.0
13.660918,14,191.0,78.0,114.0
13.660918,6,419.0,528.0,291.0
13.660918,26,379.0,193.0,237.0
13.660918,24,219.0,198.0,30.0
13.810920,27,430.0,255.0,189.0
13.810920,4,211.0,538.0,250.0
13.810920,41,254.0,304.0,188.0
13.810920,23,166.0,274.0,350.0
13.810920,5,315.0,552.0,274.0
13.810920,3,137.0,491.0,230.0
13.810920,43,339.0,278.0,29.0
13.810920,24,217.0,199.0,310.0
13.810920,3,137.0,491.0,230.0
13.810920,24,216.0,200.0,312.0
13.810920,24,216.0,200.0,313.0
13.945925,21,230.0,418.0,61.0
13.945925,43,340.0,279.0,25.0
13.945925,29,387.0,413.0,128.0
13.945925,5,311.0,552.0,271.0
13.945925,28,433.0,341.0,171.0
13.945925,6,414.0,530.0,289.0
13.945925,6,413.0,531.0,292.0
13.945925,22,175.0,357.0,23.0
13.945925,16,64.0,220.0,159.0
13.945925,1,50.0,294.0,178.0
13.945925,7,499.0,471.0,318.0
13.945925,24,213.0,202.0,314.0
13.945925,2,66.0,395.0,199.0
14.096301,29,390.0,411.0,128.0
14.096301,25,288.0,169.0,276.0
14.096301,5,307.0,552.0,273.0
14.096301,24,212.0,203.0,310.0
14.096301,24,211.0,204.0,312.0
14.096301,26,370.0,187.0,240.0
14.096301,6,409.0,532.0,291.0
14.096301,7,497.0,473.0,317.0
14.096301,6,408.0,533.0,290.0
14.096301,6,408.0,533.0,290.0
14.096301,22,177.0,362.0,25.0
14.096301,27,425.0,244.0,2.0
14.231896,6,407.0,533.0,291.0
14.231896,26,368.0,186.0,244.0
14.231896,6,407.0,533.0,289.0
14.231896,6,406.0,533.0,288.0
14.231896,27,424.0,242.0,212.0
14.231896,43,343.0,288.0,16.0
14.231896,27,424.0,241.0,213.0
14.231896,9,556.0,296.0,3.0
14.231896,27,423.0,241.0,211.0
14.231896,8,543.0,398.0,341.0
14.231896,11,463.0,116.0,47.0
14.231896,11,463.0,117.0,48.0
14.381939,43,343.0,290.0,15.0
14.381939,26,364.0,184.0,245.0
14.381939,43,343.0,291.0,12.0
14.381939,9,556.0,874.0,4.0
14.381939,43,343.0,291.0,12.0
14.381939,43,343.0,292.0,9.0
14.381939,23,163.0,291.0,355.0
14.381939,24,205.0,210.0,319.0
14.381939,23,163.0,292.0,355.0
14.381939,22,181.0,368.0,29.0
14.381939,23,163.0,293.0,355.0
14.381939,43,344.0,293.0,6.0
14.533215,43,344.0,293.0,6.0
14.533215,25,276.0,171.0,280.0
14.533215,27,420.0,235.0,213.0
14.533215,5,295.0,552.0,267.0
14.533215,26,359.0,182.0,248.0
14.533215,12,392.0,71.0,69.0
14.533215,2,61.0,381.0,194.0
14.533215,12,392.0,71.0,67.0
14.533215,27,418.0,233.0,213.0
14.533215,12,393.0,72.0,69.0
14.533215,30,320.0,441.0,100.0
14.533215,14,214.0,68.0,106.0
14.668109,28,437.0,321.0,169.0
14.668109,43,344.0,297.0,3.0
14.668109,13,314.0,54.0,93.0
14.668109,29,402.0,400.0,139.0
14.668109,14,216.0,68.0,105.0
14.668109,29,403.0,399.0,142.0
14.668109,7,486.0,485.0,313.0
14.668109,43,344.0,300.0,1.0
14.668109,4,186.0,527.0,241.0
14.668109,7,485.0,486.0,317.0
14.668109,24,198.0,217.0,318.0
14.668109,25,268.0,173.0,287.0
14.804619,25,268.0,173.0,287.0
14.804619,7,484.0,486.0,315.0
14.804619,4,184.0,526.0,242.0
14.804619,27,414.0,227.0,217.0
14.804619,24,197.0,219.0,321.0
14.804619,21,254.0,429.0,71.0
14.804619,4,183.0,526.0,241.0
14.804619,43,344.0,304.0,359.0
14.804619,43,344.0,304.0,359.0
14.804619,27,413.0,225.0,218.0
14.804619,5,284.0,552.0,269.0
14.804619,27,412.0,225.0,217.0
14.954000,7,481.0,489.0,312.0
14.954000,23,163.0,306.0,0.0
14.954000,21,257.0,430.0,74.0
14.954000,6,387.0,541.0,287.0
14.954000,43,344.0,308.0,351.0
14.954000,4,180.0,524.0,241.0
14.954000,27,411.0,223.0,216.0
14.954000,14,226.0,66.0,104.0
14.954000,9,558.0,318.0,357.0
14.954000,24,194.0,223.0,323.0
14.954000,6,385.0,541.0,286.0
14.954000,43,343.0,309.0,347.0
15.088897,15,139.0,109.0,130.0
15.088897,1,52.0,263.0,171.0
15.088897,1,52.0,263.0,171.0
15.088897,8,535.0,419.0,338.0
15.088897,11,480.0,132.0,49.0
15.088897,5,278.0,552.0,267.0
15.088897,14,229.0,65.0,102.0
15.088897,11,481.0,132.0,47.0
15.088897,6,381.0,542.0,282.0
15.088897,3,110.0,465.0,220.0
15.088897,43,343.0,311.0,344.0
15.241262,8,534.0,421.0,339.0
15.241262,15,142.0,107.0,129.0
15.241262,43,342.0,313.0,336.0
15.381039,43,341.0,317.0,336.0
15.381039,16,80.0,184.0,149.0
15.381039,16,80.0,184.0,151.0
15.381039,28,438.0,300.0,188.0
15.381039,43,340.0,317.0,338.0
15.381039,28,437.0,299.0,187.0
15.381039,43,340.0,319.0,335.0
15.381039,26,335.0,173.0,259.0
15.381039,6,373.0,544.0,284.0
15.381039,7,469.0,499.0,306.0
15.381039,1,54.0,252.0,164.0
15.381039,43,339.0,321.0,3.0
15.522733,3,104.0,457.0,219.0
15.522733,11,487.0,140.0,39.0
15.522733,43,339.0,321.0,333.0
15.522733,43,338.0,322.0,332.0
15.522733,43,338.0,322.0,335.0
15.522733,13,340.0,55.0,87.0
15.522733,5,265.0,550.0,263.0
15.522733,43,338.0,323.0,329.0
15.522733,1,55.0,249.0,168.0
15.522733,11,489.0,142.0,39.0
15.522733,14,243.0,62.0,98.0
15.522733,43,338.0,323.0,330.0
15.671535,11,490.0,143.0,39.0
15.671535,4,163.0,514.0,241.0
15.671535,43,337.0,323.0,329.0
15.671535,6,367.0,546.0,283.0
15.671535,7,464.0,503.0,306.0
15.671535,43,336.0,324.0,325.0
15.671535,4,161.0,513.0,239.0
15.671535,16,85.0,176.0,149.0
15.671535,6,365.0,546.0,282.0
15.671535,5,260.0,550.0,260.0
15.671535,42,265.0,328.0,215.0
15.671535,27,396.0,205.0,224.0
15.807405,13,346.0,56.0,77.0
15.807405,11,493.0,146.0,38.0
15.807405,7,461.0,505.0,309.0
15.807405,6,363.0,547.0,284.0
15.807405,24,182.0,242.0,332.0
15.807405,6,362.0,547.0,283.0
15.807405,3,98.0,449.0,215.0
15.807405,5,256.0,549.0,259.0
15.807405,43,334.0,327.0,317.0
15.807405,1,57.0,240.0,166.0
15.807405,43,333.0,327.0,316.0
15.807405,43,333.0,328.0,314.0
15.957748,4,156.0,510.0,235.0
15.957748,2,51.0,343.0,187.0
15.957748,1,57.0,239.0,164.0
15.957748,43,333.0,329.0,314.0
15.957748,5,253.0,548.0,259.0
15.957748,43,331.0,330.0,315.0
15.957748,43,331.0,330.0,317.0
15.957748,42,260.0,321.0,210.0
15.957748,16,89.0,169.0,147.0
15.957748,15,162.0,93.0,120.0
15.957748,4,153.0,508.0,237.0
15.957748,4,153.0,507.0,237.0
16.108140,6,356.0,549.0,279.0
16.108140,9,555.0,352.0,351.0
16.108140,5,250.0,548.0,259.0
16.108140,28,434.0,279.0,194.0
16.108140,9,554.0,353.0,351.0
16.108140,3,94.0,443.0,214.0
16.108140,43,329.0,333.0,315.0
16.108140,8,521.0,445.0,329.0
16.108140,23,167.0,341.0,21.0
16.108140,41,292.0,254.0,101.0
16.108140,28,434.0,277.0,194.0
16.108140,23,167.0,342.0,17.0
16.243986,42,258.0,317.0,201.0
16.243986,23,167.0,343.0,17.0
16.243986,9,554.0,356.0,354.0
16.243986,4,149.0,505.0,233.0
16.243986,23,168.0,344.0,18.0
16.243986,43,325.0,336.0,312.0
16.243986,3,91.0,439.0,214.0
16.243986,9,554.0,358.0,354.0
16.243986,42,257.0,314.0,197.0
16.243986,13,361.0,60.0,71.0
16.243986,28,433.0,273.0,196.0
16.243986,43,324.0,337.0,307.0
16.379266,6,348.0,550.0,277.0
16.379266,9,554.0,360.0,354.0
16.379266,8,517.0,451.0,326.0
16.379266,8,517.0,451.0,326.0
16.379266,10,546.0,249.0,13.0
16.379266,5,241.0,546.0,258.0
16.379266,3,89.0,436.0,213.0
16.379266,26,307.0,169.0,269.0
16.379266,4,144.0,501.0,233.0
16.379266,23,169.0,350.0,19.0
16.379266,5,239.0,545.0,257.0
16.379266,23,170.0,350.0,22.0
16.528762,1,61.0,224.0,159.0
16.528762,24,174.0,260.0,342.0
16.528762,5,238.0,545.0,256.0
16.528762,25,223.0,195.0,307.0
16.528762,24,173.0,261.0,341.0
16.528762,5,237.0,545.0,257.0
16.528762,2,49.0,325.0,183.0
16.528762,43,319.0,340.0,293.0
16.528762,24,173.0,262.0,340.0
16.528762,25,221.0,197.0,309.0
16.528762,10,547.0,255.0,9.0
16.528762,27,377.0,190.0,234.0
16.666238,8,513.0,457.0,320.0
16.666238,9,552.0,368.0,350.0
16.666238,24,172.0,264.0,342.0
16.666238,8,512.0,458.0,322.0
16.666238,6,338.0,552.0,276.0
16.666238,25,219.0,198.0,310.0
16.666238,5,233.0,544.0,256.0
16.666238,4,138.0,496.0,229.0
16.666238,23,173.0,357.0,23.0
16.666238,23,173.0,358.0,22.0
16.666238,6,336.0,552.0,276.0
16.666238,15,181.0,85.0,114.0
16.813966,8,510.0,460.0,321.0
16.813966,6,335.0,552.0,276.0
16.813966,6,335.0,552.0,277.0
16.813966,4,136.0,494.0,229.0
16.813966,23,174.0,360.0,24.0
16.813966,3,83.0,426.0,211.0
16.813966,23,174.0,360.0,29.0
16.813966,14,278.0,55.0,98.0
16.813966,16,102.0,148.0,144.0
16.813966,25,215.0,202.0,312.0
16.813966,8,508.0,462.0,321.0
16.813966,23,175.0,362.0,26.0
16.949193,25,214.0,202.0,312.0
16.949193,13,379.0,65.0,74.0
16.949193,21,316.0,436.0,96.0
16.949193,25,213.0,203.0,314.0
16.949193,21,317.0,436.0,96.0
16.949193,16,103.0,145.0,142.0
16.949193,30,382.0,416.0,126.0
16.949193,4,132.0,491.0,228.0
16.949193,6,328.0,553.0,273.0
16.949193,43,308.0,344.0,281.0
16.949193,4,131.0,490.0,227.0
16.949193,5,223.0,541.0,257.0
17.099772,3,80.0,420.0,206.0
17.099772,29,435.0,340.0,167.0
17.099772,43,306.0,344.0,273.0
17.099772,4,130.0,489.0,227.0
17.099772,30,385.0,414.0,127.0
17.099772,2,47.0,309.0,180.0
17.099772,11,515.0,177.0,33.0
17.099772,9,550.0,382.0,344.0
17.099772,8,503.0,469.0,320.0
17.099772,30,386.0,413.0,128.0
17.099772,5,219.0,540.0,255.0
17.099772,5,219.0,540.0,255.0
17.099772,3,78.0,417.0,20.0
17.235368,8,502.0,470.0,320.0
17.235368,4,127.0,486.0,227.0
17.235368,4,127.0,486.0,227.0
17.235368,42,257.0,287.0,163.0
17.235368,4,126.0,485.0,228.0
17.235368,5,217.0,539.0,251.0
17.235368,5,216.0,539.0,254.0
17.235368,5,216.0,539.0,251.0
17.235368,5,215.0,539.0,252.0
17.235368,29,437.0,333.0,170.0
17.235368,12,459.0,112.0,47.0
17.235368,5,214.0,539.0,251.0
17.385255,27,358.0,180.0,245.0
17.385255,23,180.0,374.0,31.0
17.385255,14,293.0,54.0,92.0
17.385255,41,326.0,262.0,58.0
17.385255,8,499.0,474.0,319.0
17.385255,13,392.0,69.0,73.0
17.385255,13,392.0,69.0,72.0
17.385255,29,437.0,330.0,171.0
17.385255,21,331.0,433.0,100.0
17.385255,7,420.0,529.0,297.0
17.385255,28,421.0,243.0,209.0
17.385255,41,328.0,264.0,53.0
17.534837,21,333.0,433.0,103.0
17.534837,13,395.0,70.0,70.0
17.534837,29,437.0,328.0,174.0
17.534837,41,329.0,264.0,50.0
17.534837,13,396.0,70.0,70.0
17.534837,13,396.0,70.0,69.0
17.534837,22,246.0,427.0,71.0
17.534837,27,353.0,178.0,248.0
17.534837,7,417.0,531.0,294.0
17.534837,2,48.0,295.0,177.0
17.534837,41,330.0,266.0,45.0
17.534837,23,184.0,380.0,35.0
17.670907,5,207.0,536.0,249.0
17.670907,15,205.0,74.0,115.0
17.670907,29,438.0,324.0,176.0
17.670907,43,292.0,343.0,252.0
17.670907,41,332.0,267.0,44.0
17.670907,15,206.0,74.0,113.0
17.670907,41,332.0,268.0,42.0
17.670907,2,48.0,292.0,174.0
17.670907,23,186.0,383.0,35.0
17.670907,13,401.0,72.0,67.0
17.670907,16,119.0,129.0,128.0
17.670907,5,203.0,535.0,247.0
17.807189,25,197.0,220.0,323.0
17.807189,6,306.0,554.0,270.0
17.807189,29,438.0,320.0,176.0
17.807189,43,288.0,342.0,246.0
17.807189,29,438.0,319.0,179.0
17.807189,43,287.0,342.0,248.0
17.807189,43,286.0,341.0,248.0
17.807189,8,490.0,483.0,312.0
17.807189,30,401.0,400.0,136.0
17.807189,43,285.0,341.0,247.0
17.807189,23,189.0,387.0,35.0
17.807189,10,553.0,292.0,8.0
17.955580,43,285.0,341.0,245.0
17.955580,29,438.0,316.0,179.0
17.955580,29,438.0,315.0,179.0
17.955580,23,190.0,388.0,37.0
17.955580,43,282.0,339.0,245.0
17.955580,43,282.0,339.0,245.0
17.955580,43,282.0,339.0,245.0
17.955580,41,339.0,275.0,34.0
17.955580,23,191.0,390.0,37.0
17.955580,6,298.0,554.0,269.0
18.090238,6,298.0,554.0,269.0
18.090238,27,339.0,173.0,254.0
18.090238,2,49.0,281.0,173.0
18.090238,25,192.0,227.0,322.0
18.090238,43,278.0,338.0,245.0
18.090238,41,340.0,277.0,27.0
18.090238,23,193.0,392.0,41.0
18.090238,2,49.0,279.0,174.0
18.090238,43,277.0,337.0,241.0
18.090238,7,402.0,537.0,289.0
18.090238,9,540.0,410.0,340.0
18.090238,2,49.0,278.0,173.0
18.224947,27,335.0,172.0,256.0
18.224947,21,353.0,427.0,114.0
18.224947,15,220.0,68.0,108.0
18.224947,3,66.0,390.0,199.0
18.224947,43,275.0,336.0,235.0
18.224947,2,49.0,276.0,170.0
18.224947,43,275.0,336.0,235.0
18.224947,43,275.0,336.0,233.0
18.224947,43,275.0,335.0,233.0
18.224947,5,189.0,529.0,244.0
18.224947,13,415.0,80.0,59.0
18.224947,43,274.0,335.0,231.0
18.375078,11,530.0,207.0,22.0
18.375078,12,481.0,132.0,45.0
18.375078,5,188.0,528.0,243.0
18.375078,3,65.0,386.0,200.0
18.375078,43,273.0,334.0,227.0
18.375078,11,531.0,209.0,23.0
18.375078,29,438.0,302.0,183.0
18.375078,43,273.0,333.0,225.0
18.375078,43,273.0,333.0,225.0
18.375078,11,532.0,210.0,22.0
18.375078,1,84.0,173.0,149.0
18.375078,10,555.0,308.0,1.0
18.512203,24,165.0,315.0,3.0
18.512203,11,532.0,211.0,22.0
18.512203,11,532.0,211.0,23.0
18.512203,12,485.0,136.0,45.0
18.512203,22,273.0,434.0,80.0
18.512203,43,271.0,331.0,224.0
18.512203,8,475.0,497.0,307.0
18.512203,43,270.0,330.0,225.0
18.512203,2,50.0,267.0,170.0
18.512203,8,474.0,497.0,308.0
18.512203,7,389.0,541.0,288.0
18.512203,22,275.0,435.0,80.0
18.512203,3,62.0,380.0,19.0
18.646586,43,268.0,328.0,227.0
18.646586,43,268.0,328.0,227.0
18.646586,2,51.0,265.0,170.0
18.646586,43,267.0,328.0,227.0
18.646586,5,179.0,523.0,242.0
18.646586,11,534.0,216.0,23.0
18.646586,8,472.0,499.0,308.0
18.646586,11,534.0,217.0,25.0
18.646586,2,51.0,263.0,170.0
18.646586,2,51.0,262.0,170.0
18.646586,43,266.0,327.0,225.0
18.646586,11,535.0,218.0,22.0
18.797180,9,533.0,426.0,335.0
18.797180,15,236.0,64.0,103.0
18.797180,27,318.0,170.0,266.0
18.797180,11,535.0,219.0,20.0
18.797180,11,536.0,220.0,22.0
18.797180,43,264.0,324.0,218.0
18.797180,5,175.0,521.0,240.0
18.797180,7,382.0,544.0,287.0
18.797180,24,166.0,326.0,8.0
18.797180,6,274.0,553.0,264.0
18.797180,42,290.0,257.0,103.0
18.797180,25,180.0,246.0,341.0
18.947639,28,397.0,210.0,227.0
18.947639,21,371.0,418.0,121.0
18.947639,43,263.0,323.0,212.0
18.947639,28,397.0,209.0,227.0
18.947639,13,431.0,90.0,56.0
18.947639,27,312.0,170.0,266.0
18.947639,6,271.0,553.0,264.0
18.947639,1,92.0,160.0,143.0
18.947639,7,378.0,545.0,283.0
18.947639,25,179.0,250.0,334.0
18.947639,10,555.0,324.0,0.0
18.947639,43,263.0,320.0,201.0
19.082019,27,310.0,169.0,267.0
19.082019,13,434.0,92.0,58.0
19.082019,43,262.0,320.0,200.0
19.082019,43,262.0,319.0,198.0
19.082019,16,150.0,104.0,124.0
19.082019,14,343.0,56.0,82.0
19.082019,25,177.0,252.0,336.0
19.082019,26,233.0,191.0,302.0
19.082019,43,262.0,318.0,198.0
19.082019,4,91.0,444.0,215.0
19.082019,16,152.0,103.0,126.0
19.082019,21,378.0,414.0,126.0
19.233741,29,435.0,279.0,194.0
19.233741,12,498.0,150.0,38.0
19.233741,21,378.0,413.0,129.0
19.233741,43,261.0,316.0,196.0
19.233741,16,153.0,102.0,122.0
19.233741,6,263.0,552.0,263.0
19.233741,22,293.0,437.0,87.0
19.233741,25,176.0,257.0,338.0
19.233741,14,349.0,57.0,76.0
19.233741,42,301.0,255.0,87.0
19.233741,25,175.0,258.0,340.0
19.233741,6,260.0,552.0,261.0
19.356097,43,261.0,313.0,196.0
19.356097,2,54.0,245.0,166.0
19.356097,6,260.0,552.0,261.0
19.356097,43,260.0,312.0,196.0
19.356097,25,175.0,259.0,339.0
19.356097,2,54.0,244.0,166.0
19.356097,28,387.0,200.0,234.0
19.356097,25,174.0,260.0,340.0
19.356097,2,54.0,243.0,165.0
19.356097,6,257.0,551.0,261.0
19.356097,5,160.0,511.0,236.0
19.356097,7,365.0,548.0,281.0
19.519737,25,174.0,261.0,342.0
19.519737,3,56.0,356.0,191.0
19.519737,12,503.0,157.0,34.0
19.519737,2,55.0,241.0,164.0
19.519737,28,384.0,198.0,236.0
19.519737,27,296.0,170.0,273.0
19.519737,28,384.0,198.0,235.0
19.519737,43,260.0,307.0,188.0
19.519737,29,432.0,268.0,196.0
19.519737,26,222.0,198.0,307.0
19.519737,28,382.0,197.0,235.0
19.519737,13,447.0,100.0,57.0
19.641755,41,341.0,320.0,336.0
19.641755,29,432.0,267.0,194.0
19.641755,27,293.0,170.0,277.0
19.641755,7,360.0,549.0,280.0
19.641755,5,155.0,508.0,235.0
19.641755,41,340.0,321.0,336.0
19.641755,24,171.0,349.0,18.0
19.641755,7,358.0,549.0,284.0
19.641755,2,57.0,235.0,163.0
19.641755,43,260.0,302.0,177.0
19.641755,26,218.0,201.0,310.0
19.641755,24,172.0,351.0,2.0
19.790721,7,356.0,550.0,279.0
19.790721,26,217.0,201.0,310.0
19.790721,13,452.0,103.0,56.0
19.790721,6,247.0,549.0,260.0
19.790721,16,167.0,94.0,119.0
19.790721,8,445.0,518.0,300.0
19.790721,5,151.0,505.0,234.0
19.790721,43,260.0,299.0,176.0
19.790721,43,260.0,299.0,176.0
19.790721,5,151.0,504.0,233.0
19.790721,9,516.0,453.0,326.0
19.790721,27,286.0,171.0,27.0
19.925695,13,455.0,105.0,55.0
19.925695,2,58.0,229.0,162.0
19.925695,13,455.0,105.0,54.0
19.925695,8,442.0,520.0,302.0
19.925695,27,284.0,171.0,280.0
19.925695,26,213.0,205.0,313.0
19.925695,6,242.0,548.0,256.0
19.925695,12,511.0,168.0,32.0
19.925695,11,546.0,252.0,17.0
19.925695,43,261.0,294.0,174.0
19.925695,6,241.0,548.0,256.0
19.925695,16,173.0,91.0,117.0
20.089929,43,261.0,293.0,172.0
20.089929,1,111.0,135.0,137.0
20.089929,12,512.0,171.0,30.0
20.089929,43,261.0,292.0,171.0
20.089929,9,513.0,458.0,324.0
20.089929,26,210.0,207.0,315.0
20.089929,22,318.0,436.0,99.0
20.089929,9,512.0,459.0,324.0
20.089929,1,112.0,133.0,137.0
20.089929,1,112.0,133.0,141.0
20.089929,26,209.0,209.0,314.0
20.089929,1,113.0,133.0,139.0
20.224505,7,344.0,552.0,279.0
20.224505,30,433.0,343.0,166.0
20.224505,6,236.0,547.0,255.0
20.224505,9,510.0,461.0,324.0
20.224505,9,510.0,461.0,325.0
20.224505,15,278.0,55.0,99.0
20.224505,43,261.0,287.0,158.0
20.224505,26,207.0,211.0,318.0
20.224505,22,324.0,435.0,103.0
20.224505,1,115.0,130.0,135.0
20.224505,29,425.0,249.0,205.0
20.224505,9,509.0,463.0,324.0
20.374653,26,206.0,212.0,318.0
20.374653,6,232.0,546.0,253.0
20.374653,9,508.0,464.0,323.0
20.502253,6,228.0,545.0,250.0
20.502253,28,360.0,184.0,248.0
20.502253,13,469.0,116.0,48.0
20.502253,2,64.0,213.0,158.0
20.502253,26,202.0,216.0,321.0
20.502253,5,135.0,493.0,230.0
20.502253,41,324.0,340.0,297.0
20.502253,13,470.0,117.0,46.0
20.502253,8,426.0,529.0,294.0
20.502253,22,332.0,434.0,102.0
20.502253,2,64.0,211.0,156.0
20.502253,24,182.0,373.0,33.0
20.660504,7,332.0,553.0,276.0
20.660504,7,331.0,553.0,278.0
20.660504,42,334.0,271.0,39.0
20.660504,2,65.0,208.0,157.0
20.660504,8,423.0,530.0,294.0
20.660504,7,330.0,554.0,276.0
20.660504,23,255.0,433.0,73.0
20.660504,7,329.0,554.0,278.0
20.660504,26,198.0,221.0,321.0
20.660504,8,421.0,531.0,293.0
20.796723,2,66.0,207.0,159.0
20.796723,2,66.0,206.0,155.0
20.796723,23,257.0,434.0,73.0
20.796723,24,185.0,377.0,36.0
20.796723,9,500.0,474.0,322.0
20.796723,30,436.0,326.0,174.0
20.796723,29,418.0,235.0,210.0
20.796723,22,338.0,432.0,106.0
20.796723,7,326.0,554.0,279.0
20.796723,5,129.0,487.0,227.0
20.796723,28,350.0,180.0,251.0
20.796723,6,217.0,541.0,250.0
20.931612,43,269.0,273.0,135.0
20.931612,43,269.0,273.0,135.0
20.931612,41,314.0,344.0,288.0
20.931612,10,549.0,378.0,345.0
20.931612,28,348.0,179.0,254.0
20.931612,43,270.0,272.0,129.0
20.931612,7,322.0,555.0,273.0
20.931612,5,126.0,484.0,227.0
20.931612,43,271.0,271.0,129.0
20.931612,30,437.0,321.0,177.0
20.931612,41,311.0,345.0,284.0
20.931612,42,340.0,281.0,24.0
21.081710,14,397.0,73.0,66.0
21.081710,7,320.0,555.0,275.0
21.081710,7,319.0,555.0,276.0
21.081710,29,414.0,229.0,215.0
21.081710,42,341.0,282.0,20.0
21.081710,5,123.0,482.0,226.0
21.081710,26,192.0,228.0,318.0
21.081710,41,308.0,345.0,278.0
21.081710,43,274.0,269.0,131.0
21.081710,10,547.0,384.0,344.0
21.081710,5,122.0,480.0,226.0
21.081710,1,133.0,113.0,134.0
21.216244,41,307.0,345.0,275.0
21.216244,9,493.0,483.0,316.0
21.216244,26,190.0,231.0,323.0
21.216244,26,190.0,231.0,325.0
21.216244,4,64.0,391.0,200.0
21.216244,42,343.0,286.0,17.0
21.216244,13,484.0,130.0,43.0
21.216244,9,491.0,484.0,318.0
21.216244,8,407.0,536.0,291.0
21.216244,42,343.0,288.0,17.0
21.216244,7,312.0,555.0,273.0
21.216244,29,410.0,224.0,218.0
21.366250,29,410.0,223.0,218.0
21.366250,42,344.0,290.0,14.0
21.366250,43,279.0,264.0,125.0
21.366250,16,207.0,75.0,115.0
21.366250,6,204.0,536.0,249.0
21.366250,27,245.0,184.0,297.0
21.366250,43,281.0,263.0,120.0
21.366250,41,300.0,346.0,270.0
21.366250,42,344.0,292.0,11.0
21.366250,10,545.0,391.0,341.0
21.366250,22,355.0,426.0,115.0
21.366250,42,344.0,293.0,13.0
21.500799,21,421.0,365.0,153.0
21.500799,42,345.0,293.0,11.0
21.500799,1,140.0,106.0,131.0
21.500799,15,314.0,55.0,86.0
21.500799,7,306.0,555.0,270.0
21.500799,1,141.0,106.0,130.0
21.500799,9,486.0,489.0,311.0
21.500799,14,411.0,79.0,67.0
21.500799,43,284.0,262.0,112.0
21.500799,1,142.0,105.0,129.0
21.500799,26,184.0,241.0,332.0
21.500799,43,285.0,261.0,110.0
21.652065,15,317.0,55.0,84.0
21.652065,15,317.0,55.0,86.0
21.652065,12,532.0,210.0,23.0
21.652065,7,303.0,555.0,271.0
21.652065,6,196.0,533.0,245.0
21.652065,30,437.0,302.0,184.0
21.652065,30,437.0,302.0,184.0
21.652065,43,287.0,261.0,105.0
21.652065,25,166.0,324.0,7.0
21.652065,10,542.0,399.0,341.0
21.652065,7,300.0,555.0,271.0
21.652065,9,482.0,493.0,309.0
21.787331,43,290.0,260.0,106.0
21.787331,4,59.0,376.0,195.0
21.787331,43,290.0,260.0,106.0
21.787331,16,219.0,70.0,111.0
21.787331,23,286.0,440.0,86.0
21.787331,43,291.0,260.0,107.0
21.787331,1,147.0,101.0,124.0
21.787331,10,541.0,402.0,339.0
21.787331,10,541.0,403.0,341.0
21.787331,8,391.0,542.0,289.0
21.787331,8,391.0,542.0,290.0
21.787331,6,190.0,530.0,245.0
21.922159,22,367.0,420.0,120.0
21.922159,13,497.0,145.0,37.0
21.922159,3,51.0,286.0,180.0
21.922159,26,179.0,250.0,336.0
21.922159,10,540.0,405.0,341.0
21.922159,43,296.0,259.0,103.0
21.922159,16,224.0,68.0,111.0
21.922159,1,151.0,98.0,122.0
21.922159,43,296.0,258.0,101.0
21.922159,1,152.0,98.0,123.0
21.922159,10,539.0,407.0,341.0
21.922159,43,297.0,258.0,101.0
22.072879,10,539.0,408.0,342.0
22.072879,26,178.0,253.0,336.0
22.072879,1,153.0,97.0,123.0
22.072879,21,428.0,350.0,159.0
22.072879,29,395.0,207.0,229.0
22.072879,8,385.0,544.0,284.0
22.072879,8,385.0,544.0,285.0
22.072879,30,436.0,290.0,190.0
22.072879,5,103.0,460.0,221.0
22.072879,14,426.0,87.0,63.0
22.072879,42,342.0,314.0,347.0
22.072879,30,436.0,288.0,188.0
22.207036,2,84.0,170.0,149.0
22.207036,5,102.0,458.0,221.0
22.207036,6,182.0,526.0,240.0
22.207036,26,176.0,258.0,338.0
22.207036,7,285.0,555.0,267.0
22.207036,41,277.0,340.0,239.0
22.207036,7,285.0,555.0,266.0
22.207036,7,284.0,555.0,267.0
22.207036,25,169.0,340.0,14.0
22.207036,2,86.0,167.0,147.0
22.207036,30,435.0,284.0,191.0
22.207036,27,222.0,198.0,305.0
22.357111,27,222.0,198.0,305.0
22.357111,8,378.0,546.0,287.0
22.357111,14,431.0,90.0,60.0
22.357111,30,435.0,283.0,192.0
22.357111,2,87.0,165.0,143.0
22.357111,25,170.0,343.0,16.0
22.357111,43,306.0,259.0,81.0
22.357111,42,340.0,321.0,337.0
22.357111,42,340.0,321.0,336.0
22.357111,12,541.0,231.0,23.0
22.357111,16,236.0,65.0,102.0
22.357111,41,272.0,336.0,230.0
22.492213,42,340.0,322.0,332.0
22.492213,13,506.0,159.0,30.0
22.492213,24,218.0,412.0,55.0
22.492213,26,173.0,266.0,341.0
22.492213,11,556.0,322.0,359.0
22.492213,11,556.0,322.0,0.0
22.492213,6,174.0,522.0,235.0
22.492213,43,311.0,260.0,74.0
22.492213,7,276.0,554.0,267.0
22.492213,1,165.0,88.0,121.0
22.492213,43,312.0,260.0,74.0
22.492213,21,432.0,335.0,164.0
22.644030,24,221.0,414.0,58.0
22.644030,21,433.0,335.0,165.0
22.644030,42,337.0,327.0,329.0
22.644030,25,172.0,350.0,21.0
22.644030,6,171.0,520.0,236.0
22.644030,8,368.0,548.0,284.0
22.644030,11,556.0,327.0,359.0
22.644030,21,433.0,333.0,165.0
22.644030,22,386.0,407.0,130.0
22.644030,23,314.0,440.0,96.0
22.644030,11,556.0,328.0,357.0
22.644030,41,265.0,330.0,223.0
22.779278,13,510.0,165.0,31.0
22.779278,3,53.0,262.0,171.0
22.779278,3,53.0,262.0,172.0
22.779278,30,432.0,271.0,197.0
22.779278,25,173.0,355.0,21.0
22.779278,5,92.0,444.0,212.0
22.779278,25,174.0,355.0,18.0
22.779278,26,170.0,274.0,345.0
22.779278,3,54.0,260.0,171.0
22.779278,25,174.0,356.0,22.0
22.779278,27,210.0,208.0,311.0
22.779278,25,174.0,357.0,23.0
22.928697,41,263.0,327.0,215.0
22.928697,9,455.0,513.0,302.0
22.928697,2,96.0,152.0,141.0
22.928697,9,454.0,513.0,304.0
22.928697,29,376.0,192.0,237.0
22.928697,26,169.0,278.0,346.0
22.928697,5,89.0,440.0,212.0
22.928697,41,262.0,325.0,214.0
22.928697,30,431.0,266.0,200.0
22.928697,27,207.0,211.0,313.0
22.928697,30,430.0,265.0,199.0
22.928697,41,261.0,324.0,212.0
23.065132,22,394.0,400.0,134.0
23.065132,3,55.0,254.0,168.0
23.065132,15,358.0,62.0,77.0
23.065132,41,260.0,323.0,209.0
23.065132,42,329.0,336.0,312.0
23.065132,5,87.0,437.0,211.0
23.065132,25,177.0,363.0,25.0
23.065132,43,324.0,267.0,59.0
23.065132,12,547.0,249.0,17.0
23.065132,27,204.0,214.0,316.0
23.065132,27,204.0,214.0,318.0
23.065132,26,168.0,283.0,349.0
23.202612,43,325.0,268.0,57.0
23.202612,23,327.0,438.0,105.0
23.202612,12,548.0,252.0,15.0
23.202612,1,181.0,79.0,115.0
23.202612,30,428.0,259.0,201.0
23.202612,26,167.0,285.0,349.0
23.202612,21,436.0,317.0,174.0
23.202612,25,179.0,367.0,27.0
23.202612,43,328.0,270.0,55.0
23.202612,27,202.0,217.0,318.0
23.202612,10,523.0,440.0,330.0
23.202612,6,155.0,510.0,233.0
23.349857,30,427.0,257.0,204.0
23.349857,12,549.0,255.0,13.0
23.349857,1,184.0,78.0,116.0
23.349857,1,185.0,78.0,116.0
23.349857,15,367.0,64.0,77.0
23.349857,27,200.0,219.0,317.0
23.349857,8,348.0,552.0,281.0
23.349857,25,181.0,370.0,29.0
23.349857,25,181.0,370.0,29.0
23.349857,13,520.0,182.0,33.0
23.349857,15,369.0,65.0,77.0
23.349857,14,458.0,108.0,51.0
23.487537,7,250.0,550.0,259.0
23.487537,27,198.0,221.0,318.0
23.487537,21,436.0,311.0,177.0
23.487537,6,150.0,507.0,235.0
23.487537,43,332.0,273.0,40.0
23.487537,24,243.0,427.0,66.0
23.487537,11,554.0,351.0,353.0
23.487537,6,149.0,506.0,233.0
23.487537,8,343.0,553.0,281.0
23.487537,10,520.0,446.0,328.0
23.487537,14,461.0,110.0,48.0
23.487537,26,166.0,296.0,354.0
23.634952,3,58.0,239.0,166.0
23.634952,6,147.0,505.0,232.0
23.634952,12,551.0,263.0,13.0
23.634952,2,109.0,135.0,137.0
23.634952,4,49.0,323.0,187.0
23.634952,10,518.0,448.0,325.0
23.634952,43,335.0,277.0,34.0
23.634952,30,423.0,247.0,207.0
23.634952,9,435.0,524.0,296.0
23.634952,24,249.0,429.0,69.0
23.634952,43,336.0,278.0,32.0
23.634952,30,422.0,245.0,206.0
23.634952,43,336.0,279.0,3.0
23.770480,43,336.0,279.0,33.0
23.770480,8,337.0,554.0,280.0
23.770480,41,254.0,303.0,186.0
23.770480,6,143.0,502.0,230.0
23.770480,42,311.0,346.0,283.0
23.770480,42,310.0,347.0,282.0
23.770480,29,353.0,181.0,249.0
23.770480,43,338.0,282.0,29.0
23.770480,43,338.0,282.0,29.0
23.770480,25,188.0,381.0,35.0
23.770480,16,277.0,58.0,91.0
23.770480,8,334.0,554.0,276.0
23.919630,25,188.0,382.0,35.0
23.919630,4,49.0,316.0,181.0
23.919630,5,76.0,416.0,207.0
23.919630,43,339.0,284.0,27.0
23.919630,6,140.0,499.0,229.0
23.919630,25,189.0,383.0,37.0
23.919630,8,331.0,555.0,278.0
23.919630,23,350.0,431.0,112.0
23.919630,23,350.0,431.0,113.0
23.919630,15,385.0,69.0,76.0
23.919630,11,552.0,364.0,349.0
23.919630,43,340.0,285.0,19.0
24.070628,8,329.0,555.0,278.0
24.070628,10,512.0,458.0,321.0
24.070628,42,303.0,347.0,273.0
24.070628,11,552.0,366.0,348.0
24.070628,28,260.0,180.0,292.0
24.070628,43,340.0,287.0,17.0
24.070628,10,511.0,459.0,322.0
24.070628,9,424.0,530.0,292.0
24.070628,41,254.0,293.0,167.0
24.070628,43,340.0,288.0,15.0
24.070628,27,186.0,237.0,328.0
24.070628,41,254.0,292.0,166.0
24.204754,7,230.0,545.0,255.0
24.204754,22,415.0,375.0,145.0
24.204754,43,341.0,290.0,14.0
24.204754,3,63.0,222.0,164.0
24.204754,13,532.0,202.0,27.0
24.204754,11,551.0,370.0,349.0
24.204754,5,72.0,408.0,204.0
24.204754,29,341.0,177.0,256.0
24.204754,22,416.0,373.0,148.0
24.204754,16,289.0,58.0,91.0
24.204754,14,475.0,125.0,41.0
24.204754,1,209.0,66.0,108.0
24.357774,3,64.0,219.0,161.0
24.357774,6,131.0,491.0,226.0
24.357774,5,71.0,406.0,201.0
24.357774,11,550.0,374.0,348.0
24.357774,30,413.0,230.0,217.0
24.357774,21,435.0,285.0,188.0
24.357774,14,477.0,127.0,44.0
24.357774,43,342.0,295.0,9.0
24.357774,8,319.0,555.0,271.0
24.357774,13,534.0,207.0,25.0
24.357774,42,292.0,347.0,261.0
24.357774,7,222.0,543.0,253.0
24.492035,43,342.0,296.0,6.0
24.492035,10,504.0,467.0,319.0
24.492035,43,342.0,297.0,4.0
24.492035,10,504.0,468.0,317.0
24.492035,8,315.0,556.0,275.0
24.492035,24,271.0,436.0,79.0
24.492035,43,342.0,298.0,4.0
24.492035,1,216.0,64.0,110.0
24.492035,28,247.0,186.0,298.0
24.492035,10,502.0,469.0,318.0
24.492035,9,412.0,535.0,293.0
24.492035,10,502.0,470.0,319.0
24.627095,30,409.0,225.0,222.0
24.627095,1,218.0,63.0,113.0
24.627095,10,502.0,470.0,318.0
24.627095,3,67.0,211.0,160.0
24.627095,7,217.0,541.0,252.0
24.627095,15,403.0,75.0,68.0
24.627095,3,68.0,209.0,160.0
24.627095,6,123.0,485.0,223.0
24.627095,6,123.0,484.0,223.0
24.627095,21,434.0,276.0,192.0
24.762800,9,408.0,537.0,288.0
24.762800,2,131.0,113.0,126.0
24.762800,43,342.0,304.0,354.0
24.762800,10,499.0,473.0,315.0
24.762800,10,498.0,474.0,316.0
24.762800,7,213.0,540.0,252.0
24.762800,21,433.0,273.0,192.0
24.762800,10,498.0,474.0,317.0
24.762800,2,133.0,111.0,126.0
24.762800,6,120.0,481.0,222.0
24.762800,9,405.0,538.0,287.0
24.762800,42,280.0,343.0,245.0
24.913515,6,120.0,481.0,221.0
24.913515,43,342.0,309.0,354.0
24.913515,43,342.0,310.0,354.0
24.913515,10,496.0,476.0,315.0
24.913515,23,374.0,419.0,121.0
24.913515,7,209.0,539.0,251.0
24.913515,6,118.0,479.0,221.0
24.913515,2,136.0,108.0,128.0
24.913515,43,341.0,311.0,354.0
24.913515,6,117.0,478.0,221.0
24.913515,41,265.0,270.0,140.0
24.913515,3,71.0,201.0,158.0
25.049082,12,557.0,302.0,4.0
25.049082,10,493.0,479.0,314.0
25.049082,25,210.0,407.0,49.0
25.049082,43,341.0,314.0,349.0
25.049082,6,116.0,477.0,221.0
25.049082,27,174.0,260.0,338.0
25.049082,7,205.0,537.0,252.0
25.049082,10,492.0,480.0,313.0
25.049082,5,63.0,385.0,198.0
25.049082,22,427.0,351.0,157.0
25.049082,43,341.0,315.0,342.0
25.049082,10,491.0,481.0,318.0
25.199099,10,491.0,482.0,314.0
25.199099,7,202.0,536.0,251.0
25.199099,6,113.0,474.0,222.0
25.199099,25,214.0,409.0,52.0
25.199099,5,62.0,382.0,198.0
25.199099,10,490.0,483.0,315.0
25.199099,21,430.0,261.0,198.0
25.199099,43,340.0,318.0,336.0
25.199099,42,271.0,338.0,228.0
25.199099,15,419.0,84.0,60.0
25.199099,7,200.0,535.0,248.0
25.199099,15,419.0,84.0,59.0
25.334805,21,429.0,259.0,200.0
25.334805,27,172.0,266.0,349.0
25.334805,43,339.0,319.0,332.0
25.334805,14,496.0,147.0,40.0
25.334805,12,557.0,312.0,3.0
25.334805,43,338.0,320.0,331.0
25.334805,43,338.0,321.0,329.0
25.334805,5,60.0,378.0,198.0
25.334805,43,338.0,321.0,332.0
25.334805,2,147.0,100.0,127.0
25.334805,11,542.0,402.0,342.0
25.334805,8,289.0,555.0,267.0
25.472119,14,498.0,149.0,41.0
25.472119,9,388.0,543.0,287.0
25.472119,8,288.0,555.0,267.0
25.472119,43,336.0,323.0,331.0
25.619708,25,223.0,416.0,58.0
25.619708,24,303.0,438.0,93.0
25.619708,43,335.0,327.0,327.0
25.619708,30,389.0,204.0,232.0
25.619708,25,224.0,417.0,58.0
25.619708,43,334.0,328.0,323.0
25.619708,5,58.0,369.0,195.0
25.619708,10,480.0,492.0,312.0
25.619708,4,52.0,263.0,171.0
25.619708,43,333.0,329.0,323.0
25.619708,7,188.0,530.0,245.0
25.619708,13,548.0,241.0,18.0
25.778880,13,548.0,242.0,17.0
25.778880,43,333.0,329.0,318.0
25.778880,43,333.0,329.0,318.0
25.778880,11,538.0,412.0,338.0
25.778880,7,186.0,529.0,245.0
25.778880,13,548.0,243.0,16.0
25.778880,22,433.0,332.0,170.0
25.778880,43,332.0,330.0,312.0
25.778880,43,331.0,331.0,314.0
25.778880,10,476.0,495.0,309.0
25.778880,43,331.0,331.0,315.0
25.914455,11,537.0,414.0,338.0
25.914455,43,331.0,331.0,311.0
25.914455,26,176.0,361.0,22.0
25.914455,28,215.0,207.0,314.0
25.914455,16,337.0,59.0,86.0
25.914455,4,53.0,257.0,170.0
25.914455,4,53.0,257.0,173.0
25.914455,43,329.0,333.0,310.0
25.914455,4,53.0,256.0,173.0
25.914455,11,536.0,417.0,335.0
25.914455,25,233.0,422.0,62.0
25.914455,7,180.0,526.0,243.0
25.914455,2,161.0,90.0,121.0
26.064044,43,327.0,334.0,312.0
26.064044,25,234.0,423.0,62.0
26.064044,43,327.0,335.0,309.0
26.064044,43,327.0,335.0,309.0
26.064044,10,472.0,498.0,307.0
26.064044,43,326.0,335.0,311.0
26.064044,8,269.0,554.0,264.0
26.064044,28,210.0,211.0,315.0
26.064044,8,268.0,554.0,264.0
26.064044,1,260.0,53.0,93.0
26.064044,8,268.0,554.0,264.0
26.064044,3,86.0,171.0,150.0
26.198836,16,344.0,60.0,83.0
26.198836,7,176.0,524.0,243.0
26.198836,7,175.0,523.0,243.0
26.198836,10,468.0,501.0,310.0
26.198836,10,468.0,501.0,311.0
26.198836,7,175.0,523.0,242.0
26.198836,6,94.0,450.0,212.0
26.198836,41,296.0,254.0,93.0
26.198836,43,322.0,339.0,305.0
26.198836,8,264.0,554.0,265.0
26.198836,43,321.0,339.0,305.0
26.198836,5,54.0,352.0,190.0
26.349885,25,241.0,426.0,65.0
26.349885,12,558.0,340.0,0.0
26.349885,26,181.0,372.0,31.0
26.349885,29,281.0,175.0,282.0
26.349885,43,320.0,340.0,302.0
26.349885,24,324.0,436.0,103.0
26.349885,28,205.0,216.0,319.0
26.349885,7,171.0,521.0,241.0
26.349885,26,182.0,374.0,32.0
26.349885,25,243.0,428.0,65.0
26.349885,7,170.0,520.0,239.0
26.349885,12,558.0,343.0,356.0
26.484071,3,91.0,164.0,149.0
26.484071,7,169.0,520.0,238.0
26.484071,21,415.0,229.0,213.0
26.484071,8,258.0,553.0,264.0
26.484071,43,317.0,342.0,290.0
26.484071,23,409.0,388.0,143.0
26.484071,26,184.0,377.0,31.0
26.484071,30,367.0,189.0,243.0
26.484071,30,367.0,189.0,243.0
26.484071,4,56.0,239.0,163.0
26.484071,41,306.0,254.0,81.0
26.484071,9,356.0,551.0,281.0
26.634254,30,366.0,189.0,244.0
26.634254,25,248.0,430.0,69.0
26.634254,8,254.0,552.0,262.0
26.634254,43,313.0,343.0,287.0
26.634254,11,528.0,433.0,328.0
26.634254,8,253.0,552.0,261.0
26.634254,8,253.0,552.0,261.0
26.634254,9,353.0,551.0,281.0
26.634254,21,412.0,224.0,214.0
26.634254,9,352.0,551.0,278.0
26.634254,8,251.0,552.0,261.0
26.634254,23,413.0,384.0,147.0
26.769731,9,352.0,551.0,278.0
26.769731,8,250.0,551.0,261.0
26.769731,11,526.0,436.0,332.0
26.769731,9,351.0,552.0,277.0
26.769731,9,350.0,552.0,279.0
26.769731,26,188.0,383.0,34.0
26.769731,9,349.0,552.0,278.0
26.769731,27,165.0,309.0,358.0
26.769731,28,197.0,226.0,324.0
26.769731,8,247.0,551.0,261.0
26.769731,21,409.0,220.0,215.0
26.769731,9,348.0,552.0,281.0
26.921170,6,84.0,435.0,207.0
26.921170,28,196.0,228.0,325.0
26.921170,28,195.0,228.0,325.0
26.921170,27,165.0,313.0,359.0
26.921170,43,305.0,345.0,282.0
26.921170,13,556.0,274.0,9.0
26.921170,8,245.0,550.0,259.0
26.921170,11,523.0,442.0,329.0
26.921170,11,523.0,442.0,330.0
26.921170,9,344.0,553.0,279.0
26.921170,12,556.0,359.0,351.0
26.921170,25,260.0,434.0,72.0
27.055466,16,368.0,66.0,74.0
27.055466,11,522.0,443.0,327.0
27.055466,29,261.0,180.0,290.0
27.055466,2,187.0,75.0,115.0
27.055466,43,300.0,347.0,279.0
27.055466,4,61.0,225.0,161.0
27.055466,12,556.0,362.0,350.0
27.055466,7,154.0,510.0,235.0
27.055466,26,193.0,391.0,41.0
27.055466,21,404.0,214.0,221.0
27.055466,5,51.0,328.0,187.0
27.055466,28,191.0,233.0,327.0
27.207797,25,264.0,435.0,75.0
27.207797,43,297.0,347.0,273.0
27.207797,21,403.0,212.0,221.0
27.207797,12,555.0,365.0,351.0
27.207797,12,555.0,365.0,352.0
27.207797,21,402.0,211.0,221.0
27.207797,43,295.0,348.0,267.0
27.207797,26,196.0,393.0,42.0
27.207797,30,348.0,182.0,253.0
27.207797,25,267.0,436.0,78.0
27.207797,43,294.0,348.0,266.0
27.207797,43,294.0,348.0,262.0
27.341043,28,189.0,237.0,331.0
27.341043,4,63.0,218.0,160.0
27.341043,28,188.0,238.0,331.0
27.341043,9,333.0,554.0,278.0
27.341043,43,293.0,348.0,256.0
27.341043,14,529.0,195.0,29.0
27.341043,43,292.0,348.0,256.0
27.341043,11,516.0,452.0,328.0
27.341043,4,64.0,216.0,159.0
27.341043,43,291.0,348.0,253.0
27.341043,7,146.0,504.0,233.0
27.341043,43,290.0,347.0,251.0
27.479130,4,64.0,214.0,156.0
27.479130,43,290.0,347.0,248.0
27.479130,9,330.0,555.0,276.0
27.479130,43,289.0,347.0,248.0
27.479130,8,229.0,547.0,254.0
27.479130,21,397.0,206.0,224.0
27.479130,43,288.0,347.0,247.0
27.479130,2,199.0,69.0,112.0
27.479130,25,274.0,437.0,79.0
27.479130,21,396.0,204.0,225.0
27.613009,43,286.0,346.0,246.0
27.613009,12,553.0,376.0,347.0
27.613009,43,285.0,345.0,246.0
27.613009,27,166.0,332.0,6.0
27.613009,21,394.0,203.0,226.0
27.613009,27,166.0,333.0,9.0
27.613009,6,74.0,415.0,203.0
27.613009,27,166.0,333.0,9.0
27.613009,43,284.0,345.0,244.0
27.613009,29,244.0,187.0,297.0
27.613009,8,224.0,545.0,255.0
27.613009,28,183.0,247.0,334.0
27.750810,43,282.0,344.0,245.0
27.750810,41,334.0,270.0,41.0
27.750810,30,335.0,178.0,261.0
27.750810,10,430.0,524.0,295.0
27.750810,4,67.0,206.0,161.0
27.750810,11,510.0,460.0,323.0
27.750810,26,206.0,405.0,47.0
27.750810,10,429.0,525.0,296.0
27.750810,41,336.0,272.0,37.0
27.750810,14,534.0,208.0,25.0
27.750810,43,278.0,342.0,242.0
27.750810,28,182.0,251.0,333.0
27.899383,43,277.0,342.0,239.0
27.899383,11,508.0,463.0,322.0
27.899383,16,391.0,74.0,67.0
27.899383,8,218.0,543.0,252.0
27.899383,16,392.0,74.0,67.0
27.899383,11,508.0,464.0,319.0
27.899383,14,535.0,211.0,25.0
27.899383,41,338.0,275.0,34.0
27.899383,6,70.0,407.0,200.0
27.899383,6,70.0,407.0,200.0
27.899383,23,430.0,352.0,159.0
27.899383,13,561.0,304.0,9.0
28.034431,41,339.0,276.0,29.0
28.034431,43,274.0,339.0,231.0
28.034431,41,339.0,277.0,27.0
28.034431,29,235.0,192.0,304.0
28.034431,43,274.0,339.0,230.0
28.034431,2,213.0,63.0,105.0
28.034431,14,537.0,214.0,24.0
28.034431,10,422.0,528.0,296.0
28.034431,12,549.0,390.0,343.0
28.034431,10,421.0,529.0,295.0
28.034431,9,312.0,556.0,276.0
28.034431,27,169.0,347.0,14.0
28.184662,3,121.0,126.0,137.0
28.184662,9,310.0,556.0,275.0
28.184662,41,341.0,281.0,23.0
28.184662,2,216.0,62.0,103.0
28.184662,43,271.0,337.0,225.0
28.184662,12,549.0,393.0,342.0
28.184662,11,502.0,470.0,319.0
28.184662,43,270.0,336.0,225.0
28.184662,12,548.0,394.0,342.0
28.184662,23,433.0,344.0,166.0
28.184662,28,177.0,261.0,338.0
28.184662,26,217.0,414.0,53.0
28.319629,26,217.0,414.0,53.0
28.319629,7,126.0,488.0,227.0
28.319629,11,500.0,472.0,318.0
28.319629,3,124.0,122.0,139.0
28.319629,11,500.0,473.0,318.0
28.319629,23,434.0,341.0,164.0
28.319629,21,378.0,190.0,236.0
28.319629,23,434.0,341.0,165.0
28.319629,21,377.0,189.0,234.0
28.319629,23,434.0,340.0,165.0
28.319629,43,266.0,332.0,225.0
28.319629,7,124.0,486.0,226.0
28.454037,21,376.0,188.0,237.0
28.454037,4,75.0,188.0,153.0
28.454037,42,280.0,260.0,113.0
28.454037,8,203.0,538.0,247.0
28.454037,11,497.0,476.0,318.0
28.454037,42,281.0,260.0,111.0
28.454037,43,264.0,330.0,220.0
28.454037,11,497.0,476.0,316.0
28.454037,9,300.0,557.0,270.0
28.454037,8,201.0,537.0,249.0
28.454037,9,299.0,557.0,269.0
28.454037,43,263.0,328.0,2.0
28.591749,10,409.0,534.0,291.0
28.591749,43,262.0,328.0,214.0
28.591749,5,50.0,286.0,176.0
28.591749,3,130.0,116.0,132.0
28.591749,41,345.0,293.0,6.0
28.591749,27,174.0,360.0,23.0
28.591749,43,262.0,327.0,209.0
28.591749,21,371.0,185.0,240.0
28.591749,22,427.0,252.0,202.0
28.591749,27,174.0,361.0,24.0
28.591749,43,261.0,327.0,206.0
28.741137,11,493.0,480.0,314.0
28.741137,41,345.0,296.0,2.0
28.741137,24,386.0,409.0,129.0
28.741137,28,172.0,275.0,343.0
28.741137,41,345.0,297.0,3.0
28.741137,41,345.0,297.0,1.0
28.741137,43,260.0,325.0,203.0
28.741137,21,368.0,183.0,240.0
28.741137,24,387.0,408.0,129.0
28.741137,29,217.0,205.0,312.0
28.741137,21,367.0,183.0,242.0
28.741137,8,193.0,534.0,248.0
28.741137,2,235.0,57.0,1.0
28.877014,29,216.0,206.0,314.0
28.877014,41,345.0,301.0,359.0
28.877014,43,259.0,322.0,202.0
28.877014,43,259.0,321.0,202.0
28.877014,11,489.0,484.0,309.0
28.877014,42,293.0,256.0,97.0
28.877014,4,81.0,176.0,152.0
28.877014,24,391.0,405.0,132.0
28.877014,16,419.0,87.0,65.0
28.877014,12,541.0,413.0,337.0
28.877014,5,51.0,275.0,176.0
29.027536,43,258.0,318.0,202.0
29.027536,29,213.0,209.0,315.0
29.027536,28,170.0,282.0,348.0
29.027536,11,486.0,486.0,308.0
29.027536,6,59.0,378.0,196.0
29.027536,9,285.0,556.0,267.0
29.027536,6,59.0,377.0,195.0
29.027536,7,111.0,472.0,222.0
29.027536,13,562.0,336.0,359.0
29.027536,29,211.0,211.0,315.0
29.027536,25,320.0,438.0,99.0
29.027536,11,484.0,488.0,310.0
29.163763,9,282.0,556.0,265.0
29.163763,23,438.0,319.0,176.0
29.163763,7,109.0,470.0,221.0
29.163763,13,562.0,338.0,356.0
29.163763,28,169.0,286.0,351.0
29.163763,25,322.0,438.0,97.0
29.163763,7,109.0,469.0,219.0
29.163763,25,322.0,438.0,101.0
29.163763,5,52.0,269.0,171.0
29.163763,4,86.0,168.0,149.0
29.163763,22,420.0,237.0,211.0
29.163763,29,208.0,213.0,316.0
29.312796,24,396.0,400.0,132.0
29.312796,23,439.0,316.0,175.0
29.312796,13,562.0,342.0,354.0
29.312796,1,352.0,55.0,76.0
29.312796,7,106.0,466.0,220.0
29.312796,14,549.0,248.0,20.0
29.312796,16,429.0,93.0,65.0
29.312796,26,244.0,429.0,68.0
29.312796,22,418.0,234.0,212.0
29.312796,11,479.0,492.0,311.0
29.312796,28,168.0,290.0,352.0
29.312796,41,342.0,316.0,339.0
29.447738,26,245.0,430.0,68.0
29.447738,25,329.0,436.0,102.0
29.447738,43,256.0,308.0,183.0
29.447738,10,386.0,542.0,288.0
29.447738,25,330.0,436.0,104.0
29.447738,16,433.0,95.0,60.0
29.447738,10,384.0,543.0,288.0
29.447738,10,384.0,543.0,287.0
29.447738,41,341.0,319.0,338.0
29.447738,25,331.0,436.0,105.0
29.447738,11,475.0,495.0,309.0
29.447738,23,439.0,307.0,180.0
29.598762,43,256.0,302.0,183.0
29.598762,5,54.0,258.0,170.0
29.598762,7,102.0,460.0,218.0
29.598762,27,187.0,385.0,35.0
29.598762,43,256.0,302.0,181.0
29.598762,41,340.0,322.0,335.0
29.598762,10,380.0,544.0,284.0
29.598762,30,281.0,177.0,282.0
29.598762,41,339.0,323.0,333.0
29.598762,11,472.0,498.0,307.0
29.598762,11,471.0,498.0,309.0
29.598762,43,256.0,300.0,180.0
29.749891,43,256.0,300.0,180.0
29.749891,23,439.0,302.0,181.0
29.749891,10,378.0,545.0,282.0
29.749891,29,198.0,224.0,320.0
29.749891,4,94.0,156.0,145.0
29.749891,29,198.0,225.0,322.0
29.749891,23,439.0,301.0,183.0
29.749891,2,262.0,51.0,94.0
29.749891,29,197.0,225.0,321.0
29.749891,11,468.0,500.0,308.0
29.749891,23,439.0,300.0,183.0
29.749891,43,256.0,296.0,171.0
29.884227,43,256.0,295.0,169.0
29.884227,24,409.0,386.0,145.0
29.884227,43,256.0,295.0,169.0
29.884227,41,336.0,328.0,320.0
29.884227,43,256.0,294.0,168.0
29.884227,23,439.0,297.0,183.0
29.884227,2,266.0,51.0,93.0
29.884227,11,465.0,502.0,308.0
29.884227,10,372.0,546.0,285.0
29.884227,24,411.0,384.0,144.0
29.884227,15,516.0,176.0,29.0
29.884227,10,370.0,546.0,283.0
30.033594,21,335.0,170.0,255.0
30.033594,24,411.0,383.0,143.0
30.033594,13,559.0,363.0,351.0
30.033594,10,369.0,547.0,284.0
30.033594,30,270.0,181.0,287.0
30.033594,13,559.0,364.0,353.0
30.033594,10,368.0,547.0,284.0
30.033594,43,257.0,290.0,158.0
30.033594,21,333.0,169.0,258.0
30.033594,29,192.0,233.0,324.0
30.033594,30,267.0,181.0,288.0
30.167531,11,461.0,506.0,307.0
30.167531,43,257.0,288.0,156.0
30.167531,8,159.0,516.0,238.0
30.167531,10,365.0,548.0,282.0
30.167531,10,365.0,548.0,282.0
30.167531,8,158.0,515.0,238.0
30.167531,27,198.0,398.0,42.0
30.167531,12,525.0,444.0,323.0
30.167531,10,364.0,548.0,279.0
30.167531,14,556.0,273.0,11.0
30.167531,10,363.0,548.0,281.0
30.167531,16,451.0,107.0,54.0
30.304200,8,157.0,514.0,236.0
30.304200,13,558.0,370.0,353.0
30.304200,26,269.0,437.0,80.0
30.304200,13,558.0,371.0,354.0
30.304200,15,521.0,185.0,34.0
30.304200,10,361.0,548.0,281.0
30.304200,23,438.0,284.0,190.0
30.304200,15,522.0,185.0,37.0
30.304200,11,456.0,509.0,307.0
30.304200,10,359.0,549.0,281.0
30.304200,5,59.0,236.0,163.0
30.304200,41,326.0,338.0,298.0
30.455571,43,261.0,280.0,152.0
30.455571,22,400.0,209.0,225.0
30.455571,13,558.0,374.0,354.0
30.455571,16,456.0,110.0,49.0
30.455571,42,333.0,270.0,43.0
30.455571,5,60.0,234.0,163.0
30.455571,14,558.0,280.0,9.0
30.455571,41,324.0,339.0,293.0
30.455571,43,262.0,279.0,146.0
30.455571,28,167.0,325.0,6.0
30.455571,13,557.0,377.0,354.0
30.455571,41,322.0,340.0,295.0
30.590930,23,437.0,278.0,191.0
30.590930,41,321.0,340.0,294.0
30.590930,16,459.0,113.0,48.0
30.590930,7,86.0,436.0,211.0
30.729682,15,527.0,194.0,31.0
30.729682,8,146.0,506.0,234.0
30.729682,43,265.0,275.0,133.0
30.729682,28,168.0,331.0,13.0
30.729682,13,556.0,384.0,346.0
30.729682,5,62.0,225.0,162.0
30.729682,10,348.0,551.0,278.0
30.729682,4,111.0,132.0,137.0
30.729682,41,314.0,343.0,292.0
30.729682,9,233.0,549.0,255.0
30.729682,7,82.0,430.0,213.0
30.729682,25,367.0,423.0,118.0
30.888193,6,49.0,327.0,183.0
30.888193,29,181.0,251.0,333.0
30.888193,7,81.0,429.0,212.0
30.888193,28,168.0,335.0,12.0
30.888193,24,425.0,361.0,155.0
30.888193,9,231.0,548.0,253.0
30.888193,43,269.0,271.0,133.0
30.888193,16,466.0,119.0,47.0
30.888193,11,441.0,519.0,300.0
30.888193,9,230.0,548.0,252.0
30.888193,9,230.0,547.0,253.0
30.888193,9,229.0,547.0,253.0
31.023619,8,140.0,502.0,226.0
31.023619,28,169.0,339.0,13.0
31.023619,7,79.0,426.0,207.0
31.023619,21,306.0,165.0,267.0
31.023619,43,271.0,268.0,129.0
31.023619,12,511.0,463.0,321.0
31.023619,9,227.0,547.0,253.0
31.023619,10,340.0,552.0,279.0
31.023619,25,373.0,419.0,121.0
31.023619,14,560.0,298.0,11.0
31.023619,43,273.0,267.0,123.0
31.023619,5,65.0,215.0,161.0
31.172087,14,560.0,299.0,11.0
31.172087,22,384.0,195.0,233.0
31.172087,12,509.0,465.0,322.0
31.172087,30,240.0,193.0,302.0
31.172087,8,136.0,498.0,228.0
31.172087,12,508.0,466.0,317.0
31.172087,8,136.0,497.0,230.0
31.172087,25,376.0,417.0,120.0
31.172087,25,376.0,417.0,122.0
31.172087,22,382.0,193.0,235.0
31.172087,11,433.0,523.0,298.0
31.172087,30,237.0,194.0,3.0
31.308577,11,433.0,523.0,295.0
31.308577,13,552.0,398.0,342.0
31.308577,14,561.0,304.0,5.0
31.308577,41,300.0,345.0,271.0
31.308577,10,332.0,553.0,278.0
31.308577,1,407.0,74.0,61.0
31.308577,16,475.0,128.0,46.0
31.308577,22,380.0,192.0,235.0
31.308577,27,224.0,420.0,54.0
31.308577,9,218.0,544.0,255.0
31.308577,9,217.0,544.0,253.0
31.308577,42,345.0,294.0,10.0
31.445333,14,561.0,307.0,5.0
31.445333,11,429.0,525.0,297.0
31.445333,14,561.0,308.0,5.0
31.445333,30,232.0,197.0,302.0
31.445333,26,303.0,441.0,94.0
31.445333,41,294.0,345.0,267.0
31.445333,14,561.0,309.0,6.0
31.445333,24,431.0,345.0,165.0
31.445333,11,427.0,526.0,298.0
31.445333,24,431.0,344.0,164.0
31.445333,8,128.0,491.0,227.0
31.445333,14,561.0,311.0,6.0
31.595359,11,426.0,527.0,295.0
31.595359,4,128.0,116.0,126.0
31.595359,11,425.0,527.0,297.0
31.595359,10,325.0,554.0,271.0
31.595359,4,128.0,115.0,128.0
31.595359,8,127.0,489.0,225.0
31.595359,29,172.0,271.0,343.0
31.595359,3,204.0,70.0,114.0
31.595359,6,49.0,303.0,176.0
31.595359,41,289.0,345.0,256.0
31.595359,16,481.0,135.0,46.0
31.595359,6,49.0,302.0,177.0
31.744385,14,562.0,315.0,6.0
31.744385,43,287.0,260.0,106.0
31.744385,5,71.0,199.0,157.0
31.744385,42,345.0,302.0,347.0
31.744385,10,321.0,554.0,278.0
31.744385,10,320.0,554.0,276.0
31.744385,29,171.0,275.0,346.0
31.744385,6,50.0,300.0,173.0
31.744385,23,426.0,244.0,205.0
31.744385,30,224.0,203.0,310.0
31.744385,43,290.0,260.0,96.0
31.744385,23,425.0,243.0,206.0
31.881047,30,223.0,203.0,307.0
31.881047,8,122.0,484.0,224.0
31.881047,43,291.0,260.0,96.0
31.881047,43,291.0,260.0,96.0
31.881047,2,324.0,49.0,81.0
31.881047,9,204.0,539.0,250.0
31.881047,9,203.0,539.0,251.0
31.881047,12,494.0,482.0,316.0
31.881047,28,177.0,363.0,25.0
31.881047,6,50.0,295.0,174.0
31.881047,15,542.0,226.0,16.0
31.881047,7,67.0,401.0,203.0
32.015232,43,295.0,260.0,91.0
32.015232,2,326.0,50.0,81.0
32.015232,43,295.0,260.0,91.0
32.015232,12,492.0,484.0,311.0
32.015232,11,413.0,532.0,292.0
32.015232,11,413.0,532.0,291.0
32.015232,11,412.0,533.0,292.0
32.015232,8,117.0,480.0,224.0
32.015232,9,199.0,538.0,247.0
32.015232,29,169.0,284.0,347.0
32.015232,8,116.0,479.0,224.0
32.015232,11,411.0,533.0,293.0
32.166515,30,217.0,208.0,312.0
32.166515,43,299.0,260.0,90.0
32.166515,11,410.0,534.0,290.0
32.166515,12,489.0,487.0,313.0
32.166515,10,308.0,555.0,271.0
32.166515,11,409.0,534.0,291.0
32.166515,2,333.0,50.0,78.0
32.166515,29,168.0,287.0,348.0
32.166515,29,168.0,288.0,348.0
32.166515,11,407.0,535.0,292.0
32.166515,30,215.0,210.0,310.0
32.166515,8,114.0,476.0,221.0
32.316252,11,407.0,535.0,292.0
32.316252,29,168.0,290.0,348.0
32.316252,16,494.0,147.0,42.0
32.316252,41,272.0,337.0,233.0
32.316252,10,304.0,555.0,275.0
32.316252,11,405.0,535.0,294.0
32.316252,14,563.0,334.0,2.0
32.316252,22,355.0,177.0,246.0
32.316252,30,212.0,213.0,316.0
32.316252,25,402.0,396.0,136.0
32.316252,12,484.0,491.0,310.0
32.316252,12,484.0,491.0,314.0
32.451039,14,563.0,336.0,0.0
32.451039,12,483.0,492.0,312.0
32.451039,3,225.0,62.0,107.0
32.451039,11,402.0,537.0,290.0
32.451039,12,482.0,493.0,311.0
32.451039,15,546.0,241.0,19.0
32.451039,14,563.0,338.0,359.0
32.451039,16,497.0,152.0,41.0
32.451039,21,263.0,170.0,285.0
32.451039,30,209.0,216.0,320.0
32.451039,23,415.0,225.0,215.0
32.451039,3,228.0,61.0,107.0
32.601696,3,229.0,61.0,108.0
32.601696,12,480.0,494.0,307.0
32.601696,16,499.0,154.0,41.0
32.601696,24,437.0,315.0,176.0
32.601696,6,52.0,276.0,173.0
32.601696,30,207.0,218.0,316.0
32.601696,6,52.0,275.0,176.0
32.601696,4,152.0,96.0,123.0
32.601696,22,347.0,174.0,252.0
32.601696,42,335.0,330.0,324.0
32.601696,11,396.0,539.0,289.0
32.601696,5,83.0,174.0,146.0
32.736887,6,52.0,273.0,176.0
32.736887,42,334.0,331.0,324.0
32.736887,5,84.0,173.0,152.0
32.736887,9,182.0,529.0,242.0
32.736887,42,334.0,332.0,319.0
32.736887,22,344.0,173.0,253.0
32.736887,29,166.0,303.0,357.0
32.736887,24,437.0,309.0,179.0
32.736887,7,60.0,379.0,195.0
32.736887,24,437.0,309.0,179.0
32.736887,41,261.0,327.0,215.0
32.736887,42,332.0,334.0,313.0
32.886223,2,351.0,54.0,74.0
32.886223,4,157.0,93.0,123.0
32.886223,8,102.0,463.0,220.0
32.886223,1,445.0,96.0,53.0
32.886223,25,411.0,385.0,144.0
32.886223,8,101.0,462.0,219.0
32.886223,26,344.0,433.0,108.0
32.886223,10,286.0,555.0,267.0
32.886223,13,531.0,441.0,330.0
32.886223,9,177.0,527.0,240.0
32.886223,5,87.0,168.0,147.0
32.886223,43,321.0,266.0,59.0
33.020777,29,166.0,310.0,0.0
33.020777,9,176.0,526.0,238.0
33.020777,25,413.0,382.0,147.0
33.020777,43,321.0,267.0,56.0
33.020777,15,552.0,256.0,16.0
33.020777,22,336.0,170.0,256.0
33.020777,8,99.0,458.0,220.0
33.020777,42,328.0,338.0,307.0
33.020777,9,174.0,525.0,238.0
33.020777,23,405.0,213.0,221.0
33.020777,10,281.0,555.0,268.0
33.020777,22,334.0,170.0,256.0
33.156088,7,58.0,370.0,192.0
33.156088,11,383.0,543.0,288.0
33.156088,25,415.0,379.0,145.0
33.156088,12,467.0,505.0,304.0
33.156088,9,171.0,523.0,237.0
33.156088,21,245.0,176.0,296.0
33.156088,9,171.0,523.0,236.0
33.156088,12,466.0,505.0,305.0
33.156088,22,331.0,169.0,260.0
33.156088,43,326.0,270.0,50.0
33.156088,14,561.0,359.0,354.0
33.156088,43,327.0,271.0,53.0
33.306903,16,510.0,170.0,33.0
33.306903,10,276.0,554.0,267.0
33.306903,9,169.0,521.0,235.0
33.306903,30,194.0,233.0,329.0
33.306903,4,169.0,86.0,119.0
33.306903,10,275.0,554.0,267.0
33.306903,15,554.0,263.0,18.0
33.306903,43,329.0,273.0,49.0
33.306903,9,167.0,520.0,235.0
33.306903,15,554.0,264.0,16.0
33.306903,21,240.0,178.0,295.0
33.306903,43,331.0,274.0,47.0
33.441195,4,171.0,84.0,119.0
33.441195,4,172.0,84.0,120.0
33.441195,4,172.0,84.0,122.0
33.441195,11,375.0,545.0,286.0
33.441195,14,560.0,366.0,353.0
33.441195,1,459.0,107.0,50.0
33.441195,14,560.0,366.0,354.0
33.441195,12,459.0,510.0,306.0
33.441195,8,90.0,448.0,215.0
33.441195,1,460.0,107.0,49.0
33.441195,43,332.0,276.0,43.0
33.441195,10,268.0,554.0,265.0
33.592080,12,457.0,511.0,304.0
33.592080,11,372.0,546.0,282.0
33.592080,5,97.0,153.0,141.0
33.592080,16,515.0,177.0,29.0
33.592080,16,515.0,178.0,30.0
33.592080,28,203.0,403.0,47.0
33.592080,43,334.0,277.0,36.0
33.592080,8,89.0,445.0,214.0
33.592080,13,520.0,457.0,318.0
33.592080,1,463.0,110.0,48.0
33.592080,2,375.0,60.0,69.0
33.592080,43,334.0,278.0,32.0
33.727218,43,334.0,278.0,30.0
33.727218,41,254.0,303.0,182.0
33.727218,22,317.0,167.0,264.0
33.727218,28,206.0,405.0,48.0
33.727218,41,254.0,302.0,181.0
33.727218,10,263.0,553.0,264.0
33.727218,8,86.0,442.0,212.0
33.727218,27,289.0,442.0,84.0
33.727218,11,365.0,547.0,284.0
33.727218,41,254.0,300.0,183.0
33.727218,27,290.0,442.0,84.0
33.727218,14,558.0,374.0,347.0
33.866044,43,336.0,281.0,25.0
33.866044,41,254.0,299.0,180.0
33.866044,23,390.0,197.0,232.0
33.866044,23,389.0,197.0,232.0
33.866044,27,292.0,442.0,86.0
33.866044,7,54.0,349.0,189.0
33.866044,24,435.0,278.0,194.0
33.866044,30,185.0,248.0,331.0
33.866044,11,361.0,548.0,283.0
33.866044,13,514.0,464.0,321.0
33.866044,43,338.0,286.0,24.0
33.866044,27,294.0,442.0,84.0
34.012064,8,83.0,436.0,212.0
34.012064,27,295.0,442.0,87.0
34.012064,43,339.0,287.0,22.0
34.012064,43,339.0,287.0,22.0
34.012064,25,428.0,357.0,157.0
34.012064,30,183.0,251.0,335.0
34.012064,43,339.0,288.0,21.0
34.012064,8,82.0,434.0,210.0
34.012064,15,559.0,285.0,12.0
34.012064,16,522.0,190.0,29.0
34.012064,8,81.0,434.0,210.0
34.012064,11,356.0,549.0,283.0
34.148843,43,339.0,289.0,14.0
34.148843,16,522.0,191.0,29.0
34.148843,12,443.0,520.0,299.0
34.148843,43,340.0,290.0,14.0
34.148843,43,340.0,290.0,14.0
34.148843,2,388.0,65.0,67.0
34.148843,22,304.0,165.0,270.0
34.148843,6,59.0,231.0,164.0
34.148843,43,340.0,291.0,9.0
34.148843,6,59.0,230.0,161.0
34.148843,41,255.0,288.0,163.0
34.148843,43,340.0,292.0,8.0
34.148843,10,249.0,550.0,260.0
34.297957,28,218.0,415.0,57.0
34.297957,10,248.0,550.0,259.0
34.297957,43,340.0,293.0,7.0
34.297957,3,279.0,52.0,96.0
34.297957,23,379.0,189.0,237.0
34.297957,21,217.0,193.0,307.0
34.297957,9,144.0,504.0,234.0
34.297957,14,555.0,390.0,342.0
34.297957,9,143.0,503.0,233.0
34.297957,11,349.0,551.0,281.0
34.297957,9,143.0,503.0,234.0
34.297957,4,197.0,71.0,111.0
34.449102,15,560.0,293.0,10.0
34.449102,7,52.0,333.0,186.0
34.449102,15,560.0,294.0,10.0
34.449102,8,76.0,425.0,207.0
34.449102,9,141.0,502.0,233.0
34.449102,5,114.0,132.0,139.0
34.449102,30,178.0,263.0,341.0
34.449102,5,114.0,132.0,136.0
34.449102,10,242.0,549.0,254.0
34.449102,13,504.0,476.0,320.0
34.569005,15,561.0,297.0,10.0
34.569005,43,341.0,300.0,6.0
34.569005,30,177.0,265.0,342.0
34.569005,9,138.0,500.0,232.0
34.569005,23,373.0,185.0,239.0
34.569005,5,116.0,130.0,135.0
34.569005,8,74.0,421.0,205.0
34.569005,1,482.0,129.0,44.0
34.569005,21,210.0,198.0,312.0
34.569005,8,74.0,420.0,203.0
34.569005,11,342.0,552.0,279.0
34.569005,42,284.0,345.0,247.0
34.704857,43,342.0,304.0,354.0
34.704857,14,552.0,399.0,343.0
34.704857,13,500.0,481.0,321.0
34.704857,10,236.0,547.0,254.0
34.704857,22,288.0,166.0,277.0
34.704857,2,404.0,70.0,62.0
34.704857,1,485.0,132.0,43.0
34.704857,28,229.0,423.0,61.0
34.704857,30,175.0,270.0,342.0
34.704857,12,427.0,528.0,297.0
34.704857,11,337.0,553.0,280.0
34.704857,13,498.0,483.0,320.0
34.842504,25,435.0,335.0,168.0
34.842504,13,497.0,484.0,318.0
34.842504,28,232.0,424.0,61.0
34.842504,26,392.0,407.0,132.0
34.842504,43,341.0,309.0,347.0
34.842504,8,72.0,414.0,199.0
34.842504,23,365.0,181.0,242.0
34.842504,29,175.0,363.0,24.0
34.842504,43,341.0,310.0,347.0
34.842504,41,265.0,270.0,140.0
34.842504,16,533.0,211.0,27.0
34.842504,4,211.0,65.0,111.0
34.991044,43,340.0,311.0,349.0
34.991044,10,229.0,545.0,252.0
34.991044,43,340.0,313.0,349.0
34.991044,13,494.0,487.0,313.0
34.991044,9,128.0,492.0,232.0
34.991044,12,420.0,531.0,289.0
34.991044,25,436.0,329.0,168.0
34.991044,21,202.0,206.0,314.0
34.991044,21,201.0,207.0,316.0
34.991044,12,419.0,531.0,291.0
34.991044,14,547.0,408.0,336.0
34.991044,42,273.0,339.0,233.0
35.139795,42,273.0,339.0,233.0
35.139795,43,339.0,317.0,346.0
35.139795,42,272.0,338.0,230.0
35.139795,30,172.0,280.0,345.0
35.139795,29,179.0,370.0,27.0
35.139795,30,172.0,281.0,348.0
35.139795,23,357.0,177.0,244.0
35.139795,41,270.0,264.0,130.0
35.139795,43,339.0,318.0,343.0
35.139795,42,271.0,337.0,227.0
35.139795,43,338.0,319.0,343.0
35.139795,16,537.0,219.0,2.0
35.262677,29,180.0,372.0,29.0
35.262677,24,422.0,241.0,209.0
35.262677,24,421.0,241.0,208.0
35.262677,12,413.0,534.0,291.0
35.262677,25,437.0,322.0,173.0
35.262677,43,338.0,321.0,335.0
35.262677,12,413.0,534.0,292.0
35.262677,16,538.0,221.0,19.0
35.262677,12,412.0,534.0,290.0
35.262677,24,420.0,239.0,210.0
35.262677,12,411.0,534.0,293.0
35.410580,16,538.0,222.0,19.0
35.410580,11,320.0,555.0,276.0
35.410580,21,195.0,214.0,320.0
35.410580,13,485.0,495.0,313.0
35.410580,24,419.0,237.0,210.0
35.410580,43,336.0,324.0,326.0
35.410580,43,336.0,325.0,324.0
35.410580,43,336.0,325.0,324.0
35.410580,5,135.0,112.0,134.0
35.410580,9,118.0,483.0,227.0
35.410580,43,335.0,326.0,321.0
35.410580,43,335.0,326.0,321.0
35.560477,22,265.0,170.0,288.0
35.560477,43,334.0,351.0,324.0
35.560477,16,540.0,227.0,27.0
35.560477,27,340.0,436.0,107.0
35.560477,12,406.0,537.0,288.0
35.560477,43,333.0,327.0,325.0
35.560477,29,185.0,381.0,36.0
35.560477,10,211.0,539.0,250.0
35.560477,30,169.0,294.0,351.0
35.560477,43,333.0,328.0,320.0
35.560477,27,342.0,436.0,105.0
35.560477,12,403.0,537.0,288.0
35.696550,9,114.0,479.0,225.0
35.696550,30,169.0,296.0,353.0
35.696550,29,186.0,383.0,35.0
35.696550,43,331.0,330.0,319.0
35.847345,43,329.0,333.0,314.0
35.847345,29,189.0,387.0,36.0
35.847345,25,438.0,306.0,180.0
35.847345,13,475.0,503.0,308.0
35.847345,5,143.0,105.0,128.0
35.847345,9,110.0,474.0,221.0
35.847345,13,474.0,503.0,308.0
35.847345,27,350.0,433.0,111.0
35.847345,11,305.0,555.0,272.0
35.847345,13,473.0,504.0,305.0
35.847345,43,327.0,334.0,307.0
35.991235,2,434.0,88.0,56.0
35.991235,10,201.0,535.0,247.0
35.991235,29,191.0,390.0,37.0
35.991235,15,563.0,339.0,357.0
35.991235,12,394.0,541.0,292.0
35.991235,11,302.0,555.0,270.0
35.991235,41,292.0,254.0,96.0
35.991235,11,301.0,555.0,270.0
35.991235,24,409.0,222.0,219.0
35.991235,11,300.0,555.0,270.0
35.991235,43,324.0,336.0,306.0
35.991235,12,392.0,542.0,288.0
36.142723,9,106.0,470.0,219.0
36.142723,11,299.0,555.0,269.0
36.142723,5,149.0,100.0,125.0
36.142723,4,245.0,56.0,106.0
36.142723,3,332.0,53.0,83.0
36.142723,6,80.0,179.0,150.0
36.142723,43,322.0,338.0,310.0
36.142723,29,195.0,395.0,43.0
36.142723,43,322.0,339.0,303.0
36.142723,43,321.0,339.0,303.0
36.142723,6,81.0,177.0,147.0
36.142723,1,511.0,166.0,34.0
36.142723,13,466.0,509.0,3.0
36.278212,12,387.0,543.0,287.0
36.278212,16,547.0,246.0,22.0
36.278212,12,387.0,543.0,287.0
36.278212,12,386.0,543.0,286.0
36.278212,7,51.0,279.0,174.0
36.278212,9,102.0,465.0,215.0
36.278212,7,51.0,278.0,173.0
36.278212,1,513.0,168.0,33.0
36.278212,42,254.0,309.0,188.0
36.278212,24,404.0,215.0,221.0
36.278212,11,292.0,555.0,265.0
36.278212,13,462.0,511.0,3.0
36.427449,9,101.0,463.0,215.0
36.427449,12,383.0,544.0,287.0
36.427449,2,446.0,95.0,53.0
36.427449,11,290.0,555.0,267.0
36.427449,12,382.0,545.0,290.0
36.427449,12,382.0,545.0,286.0
36.427449,28,276.0,440.0,84.0
36.427449,11,288.0,554.0,265.0
36.427449,28,276.0,440.0,81.0
36.427449,25,437.0,287.0,192.0
36.427449,12,380.0,545.0,290.0
36.563232,10,187.0,529.0,247.0
36.563232,28,278.0,441.0,84.0
36.563232,28,278.0,441.0,83.0
36.563232,14,528.0,448.0,330.0
36.563232,13,457.0,514.0,302.0
36.563232,11,285.0,554.0,265.0
36.563232,8,56.0,366.0,195.0
36.563232,11,284.0,554.0,265.0
36.563232,41,309.0,254.0,75.0
36.563232,21,176.0,244.0,337.0
36.563232,11,284.0,554.0,264.0
36.563232,12,376.0,547.0,289.0
36.713412,14,527.0,451.0,328.0
36.713412,30,168.0,324.0,5.0
36.713412,8,56.0,364.0,192.0
36.713412,30,168.0,324.0,6.0
36.713412,9,96.0,455.0,214.0
36.713412,2,453.0,101.0,51.0
36.713412,43,309.0,344.0,281.0
36.713412,41,313.0,256.0,72.0
36.713412,25,436.0,280.0,191.0
36.713412,2,454.0,101.0,51.0
36.713412,6,89.0,163.0,146.0
36.713412,43,306.0,345.0,279.0
36.713412,7,53.0,265.0,170.0
36.865771,22,231.0,185.0,300.0
36.865771,22,230.0,185.0,300.0
36.865771,43,306.0,345.0,278.0
36.865771,11,278.0,553.0,265.0
36.865771,43,304.0,345.0,278.0
36.865771,23,309.0,165.0,266.0
36.865771,29,209.0,410.0,48.0
36.865771,1,521.0,182.0,25.0
36.865771,29,209.0,410.0,49.0
36.865771,22,228.0,186.0,302.0
36.865771,5,169.0,88.0,119.0
36.865771,24,392.0,202.0,229.0
36.987257,9,92.0,449.0,212.0
36.987257,29,210.0,411.0,50.0
36.987257,1,521.0,184.0,25.0
36.987257,14,521.0,457.0,324.0
36.987257,3,357.0,58.0,80.0
36.987257,8,54.0,355.0,192.0
36.987257,9,91.0,447.0,215.0
36.987257,14,521.0,459.0,323.0
36.987257,25,434.0,271.0,194.0
36.987257,23,303.0,165.0,271.0
36.987257,21,172.0,256.0,342.0
36.987257,22,224.0,189.0,305.0
37.135046,30,169.0,336.0,14.0
37.135046,43,298.0,346.0,263.0
37.135046,13,444.0,522.0,298.0
37.135046,3,361.0,59.0,78.0
37.135046,11,269.0,552.0,262.0
37.135046,13,443.0,523.0,298.0
37.135046,14,518.0,462.0,324.0
37.135046,6,96.0,153.0,139.0
37.135046,30,170.0,339.0,12.0
37.135046,21,170.0,259.0,342.0
37.257624,14,517.0,463.0,326.0
37.257624,5,176.0,83.0,121.0
37.257624,13,440.0,524.0,298.0
37.257624,5,177.0,83.0,119.0
37.257624,43,294.0,345.0,255.0
37.257624,42,258.0,283.0,153.0
37.257624,3,365.0,60.0,77.0
37.257624,9,87.0,441.0,210.0
37.257624,25,432.0,264.0,196.0
37.257624,26,432.0,348.0,163.0
37.257624,26,432.0,348.0,161.0
37.257624,9,86.0,440.0,210.0
37.405638,5,180.0,81.0,125.0
37.405638,13,437.0,525.0,300.0
37.405638,5,180.0,81.0,119.0
37.405638,11,262.0,551.0,262.0
37.405638,12,355.0,552.0,281.0
37.405638,11,262.0,551.0,265.0
37.405638,21,168.0,266.0,346.0
37.405638,43,290.0,344.0,253.0
37.405638,43,289.0,344.0,256.0
37.405638,13,434.0,527.0,297.0
37.405638,11,260.0,551.0,264.0
37.405638,25,430.0,259.0,199.0
37.541904,43,288.0,343.0,255.0
37.541904,11,259.0,551.0,262.0
37.541904,13,433.0,527.0,298.0
37.541904,13,433.0,528.0,297.0
37.541904,43,286.0,343.0,253.0
37.541904,12,351.0,552.0,280.0
37.541904,11,257.0,550.0,262.0
37.541904,5,186.0,78.0,117.0
37.541904,43,285.0,343.0,252.0
37.541904,14,509.0,472.0,317.0
37.541904,14,509.0,472.0,317.0
37.541904,14,509.0,472.0,317.0
37.676044,21,167.0,271.0,347.0
37.676044,30,173.0,351.0,18.0
37.676044,11,254.0,550.0,262.0
37.676044,8,51.0,336.0,184.0
37.676044,11,254.0,550.0,262.0
37.676044,8,51.0,335.0,184.0
37.676044,12,346.0,553.0,279.0
37.676044,25,428.0,253.0,202.0
37.676044,5,190.0,76.0,117.0
37.676044,14,507.0,475.0,315.0
37.676044,12,345.0,553.0,278.0
37.676044,13,427.0,531.0,29.0
37.826145,43,281.0,341.0,242.0
37.826145,43,281.0,341.0,241.0
37.826145,15,555.0,391.0,346.0
37.826145,13,426.0,532.0,297.0
37.826145,3,380.0,65.0,73.0
37.826145,30,175.0,357.0,22.0
37.826145,12,342.0,553.0,275.0
37.826145,12,342.0,553.0,275.0
37.826145,9,78.0,426.0,209.0
37.826145,43,279.0,339.0,235.0
37.826145,16,559.0,291.0,6.0
37.826145,4,297.0,50.0,93.0
37.977385,7,59.0,233.0,164.0
37.977385,11,247.0,549.0,259.0
37.977385,5,195.0,74.0,113.0
37.977385,5,195.0,73.0,117.0
37.977385,30,176.0,360.0,23.0
37.977385,43,276.0,338.0,236.0
37.977385,43,276.0,338.0,236.0
37.977385,14,502.0,480.0,311.0
37.977385,11,244.0,548.0,259.0
37.977385,12,337.0,554.0,273.0
37.977385,43,274.0,337.0,237.0
37.977385,25,424.0,244.0,206.0
38.112244,21,165.0,283.0,354.0
38.112244,43,273.0,336.0,236.0
38.112244,7,61.0,228.0,164.0
38.112244,6,113.0,133.0,134.0
38.112244,16,560.0,297.0,8.0
38.112244,13,417.0,536.0,300.0
38.112244,10,147.0,505.0,231.0
38.112244,13,417.0,536.0,298.0
38.112244,26,437.0,325.0,172.0
38.112244,10,146.0,504.0,231.0
38.112244,14,498.0,483.0,311.0
38.112244,43,271.0,334.0,2.0
38.248754,21,165.0,288.0,356.0
38.248754,4,306.0,50.0,86.0
38.248754,41,343.0,285.0,17.0
38.248754,12,330.0,554.0,275.0
38.248754,12,330.0,554.0,275.0
38.248754,10,144.0,502.0,230.0
38.248754,43,269.0,332.0,229.0
38.248754,10,144.0,502.0,229.0
38.248754,12,329.0,554.0,275.0
38.248754,12,328.0,555.0,275.0
38.248754,43,268.0,332.0,228.0
38.396797,43,268.0,332.0,228.0
38.396797,6,118.0,127.0,134.0
38.396797,30,180.0,370.0,25.0
38.396797,6,119.0,127.0,137.0
38.396797,13,411.0,539.0,293.0
38.396797,30,181.0,371.0,26.0
38.396797,26,438.0,318.0,174.0
38.396797,16,561.0,307.0,8.0
38.396797,6,120.0,126.0,134.0
38.396797,41,345.0,291.0,9.0
38.396797,42,282.0,259.0,113.0
38.396797,12,324.0,555.0,273.0
38.533704,14,491.0,489.0,311.0
38.533704,43,266.0,329.0,217.0
38.533704,30,182.0,374.0,28.0
38.533704,26,438.0,315.0,177.0
38.533704,30,182.0,375.0,29.0
38.533704,15,549.0,411.0,337.0
38.533704,43,265.0,328.0,213.0
38.533704,7,65.0,216.0,157.0
38.533704,43,265.0,327.0,212.0
38.533704,14,488.0,491.0,313.0
38.533704,14,488.0,492.0,312.0
38.533704,30,184.0,377.0,30.0
38.683762,9,70.0,407.0,200.0
38.683762,16,562.0,314.0,3.0
38.683762,10,136.0,495.0,229.0
38.683762,25,415.0,229.0,214.0
38.683762,42,288.0,257.0,105.0
38.683762,41,345.0,298.0,4.0
38.683762,13,402.0,542.0,292.0
38.683762,16,562.0,316.0,3.0
38.683762,41,346.0,299.0,1.0
38.683762,30,185.0,380.0,32.0
38.683762,11,225.0,544.0,254.0
38.683762,4,321.0,51.0,86.0
38.683762,1,541.0,232.0,14.0
38.820087,9,68.0,403.0,200.0
38.820087,30,186.0,381.0,35.0
38.820087,11,223.0,543.0,254.0
38.820087,43,261.0,321.0,207.0
38.820087,8,49.0,302.0,181.0
38.820087,1,541.0,234.0,12.0
38.820087,25,412.0,225.0,218.0
38.820087,8,49.0,301.0,180.0
38.820087,26,439.0,305.0,181.0
38.820087,7,69.0,207.0,159.0
38.820087,12,312.0,555.0,275.0
38.820087,1,541.0,236.0,12.0
38.969973,26,439.0,303.0,183.0
38.969973,21,164.0,308.0,3.0
38.969973,11,219.0,542.0,253.0
38.969973,12,310.0,555.0,273.0
38.969973,26,439.0,302.0,183.0
38.969973,28,348.0,434.0,112.0
38.969973,27,418.0,379.0,145.0
38.969973,12,309.0,556.0,273.0
38.969973,9,66.0,396.0,199.0
38.969973,4,329.0,52.0,83.0
38.969973,24,340.0,173.0,255.0
38.969973,30,190.0,387.0,38.0
39.104953,21,164.0,311.0,4.0
39.104953,16,563.0,328.0,4.0
39.104953,4,331.0,52.0,81.0
39.104953,13,391.0,545.0,285.0
39.104953,30,191.0,388.0,37.0
39.104953,27,420.0,376.0,147.0
39.104953,13,390.0,545.0,287.0
39.104953,6,135.0,111.0,128.0
39.104953,11,213.0,540.0,253.0
39.104953,30,192.0,390.0,38.0
39.104953,21,165.0,315.0,7.0
39.104953,12,303.0,556.0,272.0
39.254328,23,242.0,178.0,297.0
39.254328,2,503.0,152.0,37.0
39.254328,11,211.0,539.0,253.0
39.254328,41,343.0,316.0,343.0
39.254328,30,193.0,391.0,38.0
39.254328,15,540.0,429.0,330.0
39.254328,41,342.0,316.0,343.0
39.254328,9,63.0,389.0,198.0
39.254328,12,301.0,556.0,268.0
39.254328,4,338.0,53.0,81.0
39.254328,12,300.0,556.0,271.0
39.254328,43,258.0,310.0,185.0
39.388887,12,299.0,556.0,273.0
39.388887,12,298.0,556.0,270.0
39.388887,21,165.0,321.0,7.0
39.388887,2,506.0,156.0,35.0
39.388887,43,258.0,307.0,185.0
39.388887,13,382.0,547.0,285.0
39.388887,10,120.0,480.0,223.0
39.388887,12,297.0,556.0,269.0
39.388887,3,423.0,83.0,59.0
39.388887,43,258.0,306.0,185.0
39.388887,16,563.0,338.0,1.0
39.388887,8,50.0,283.0,176.0
39.539889,8,50.0,283.0,174.0
39.539889,1,545.0,252.0,14.0
39.539889,43,258.0,304.0,183.0
39.539889,41,340.0,322.0,329.0
39.539889,24,326.0,170.0,260.0
39.539889,13,379.0,548.0,285.0
39.539889,43,258.0,303.0,183.0
39.539889,43,258.0,302.0,183.0
39.539889,26,437.0,285.0,190.0
39.539889,28,364.0,427.0,117.0
39.539889,28,364.0,426.0,119.0
39.539889,5,241.0,58.0,104.0
39.674757,4,347.0,55.0,81.0
39.674757,15,534.0,438.0,322.0
39.674757,9,60.0,379.0,199.0
39.674757,23,230.0,185.0,302.0
39.674757,5,243.0,58.0,105.0
39.674757,5,243.0,58.0,102.0
39.674757,42,317.0,259.0,67.0
39.674757,9,59.0,377.0,198.0
39.674757,5,244.0,58.0,102.0
39.674757,10,114.0,474.0,219.0
39.674757,16,563.0,347.0,1.0
39.674757,16,563.0,347.0,0.0
39.674757,13,372.0,550.0,2.0
39.811920,30,203.0,403.0,46.0
39.811920,21,167.0,332.0,12.0
39.811920,8,51.0,274.0,173.0
39.811920,41,334.0,330.0,323.0
39.811920,22,176.0,250.0,338.0
39.811920,22,175.0,250.0,339.0
39.811920,22,175.0,250.0,340.0
39.811920,41,333.0,331.0,320.0
39.811920,16,563.0,351.0,359.0
39.811920,12,283.0,555.0,267.0
39.811920,21,168.0,336.0,16.0
39.959477,27,430.0,355.0,156.0
39.959477,41,332.0,333.0,318.0
39.959477,14,458.0,515.0,305.0
39.959477,4,356.0,56.0,75.0
39.959477,14,458.0,516.0,303.0
39.959477,1,547.0,265.0,8.0
39.959477,42,324.0,263.0,55.0
39.959477,16,563.0,354.0,357.0
39.959477,16,563.0,355.0,357.0
39.959477,41,330.0,335.0,313.0
39.959477,1,548.0,267.0,6.0
39.959477,1,548.0,267.0,8.0
39.959477,16,563.0,356.0,355.0
40.096348,12,278.0,555.0,265.0
40.096348,43,260.0,289.0,163.0
40.096348,43,260.0,289.0,160.0
40.096348,13,362.0,552.0,282.0
40.096348,1,548.0,269.0,8.0
40.096348,30,210.0,410.0,51.0
40.096348,42,327.0,265.0,49.0
40.096348,43,261.0,287.0,161.0
40.096348,6,158.0,93.0,124.0
40.096348,42,328.0,266.0,47.0
40.096348,26,433.0,268.0,196.0
40.096348,21,171.0,344.0,17.0
40.259098,42,329.0,267.0,46.0
40.259098,13,359.0,553.0,282.0
40.259098,6,160.0,92.0,122.0
40.259098,30,213.0,412.0,52.0
40.259098,5,259.0,55.0,97.0
40.259098,29,298.0,443.0,90.0
40.259098,8,53.0,260.0,171.0
40.259098,25,383.0,195.0,233.0
40.259098,43,262.0,283.0,154.0
40.259098,22,171.0,262.0,342.0
40.259098,22,171.0,263.0,342.0
40.259098,43,263.0,282.0,155.0
40.395833,28,383.0,416.0,127.0
40.395833,23,214.0,197.0,311.0
40.395833,24,301.0,168.0,270.0
40.395833,15,522.0,456.0,323.0
40.395833,23,213.0,197.0,314.0
40.395833,13,353.0,554.0,281.0
40.395833,11,180.0,526.0,243.0
40.395833,43,263.0,280.0,148.0
40.395833,15,521.0,458.0,323.0
40.395833,15,521.0,458.0,325.0
40.395833,23,211.0,199.0,312.0
40.529272,13,351.0,554.0,281.0
40.529272,11,178.0,525.0,242.0
40.529272,12,266.0,554.0,264.0
40.529272,23,210.0,200.0,313.0
40.529272,30,219.0,417.0,55.0
40.529272,43,265.0,278.0,141.0
40.529272,4,373.0,61.0,72.0
40.529272,26,430.0,258.0,202.0
40.529272,43,265.0,277.0,138.0
40.529272,12,263.0,553.0,262.0
40.529272,28,388.0,411.0,130.0
40.529272,14,441.0,525.0,298.0
40.679592,12,262.0,553.0,264.0
40.679592,8,54.0,251.0,168.0
40.679592,15,517.0,463.0,323.0
40.679592,15,517.0,463.0,324.0
40.679592,41,314.0,344.0,284.0
40.679592,14,439.0,526.0,301.0
40.679592,15,517.0,464.0,322.0
40.679592,6,172.0,85.0,120.0
40.679592,14,438.0,526.0,301.0
40.679592,16,560.0,374.0,344.0
40.679592,14,438.0,526.0,297.0
40.679592,15,515.0,465.0,322.0
40.815408,7,94.0,159.0,144.0
40.815408,25,372.0,187.0,240.0
40.815408,25,371.0,187.0,240.0
40.815408,43,270.0,272.0,136.0
40.968516,13,338.0,556.0,278.0
40.968516,43,273.0,269.0,128.0
40.968516,43,273.0,269.0,127.0
40.968516,43,273.0,269.0,127.0
40.968516,42,341.0,285.0,21.0
40.968516,12,252.0,552.0,262.0
40.968516,41,304.0,346.0,279.0
40.968516,12,251.0,552.0,263.0
40.968516,11,165.0,517.0,238.0
40.968516,15,510.0,471.0,320.0
40.968516,14,430.0,530.0,297.0
41.113113,29,322.0,442.0,100.0
41.113113,14,429.0,531.0,296.0
41.113113,12,249.0,551.0,259.0
41.113113,27,439.0,322.0,171.0
41.113113,29,323.0,442.0,99.0
41.113113,23,198.0,212.0,318.0
41.113113,29,324.0,442.0,99.0
41.113113,14,427.0,531.0,292.0
41.113113,30,235.0,426.0,62.0
41.113113,43,277.0,266.0,117.0
41.113113,12,246.0,551.0,261.0
41.113113,4,391.0,67.0,69.0
41.261943,1,550.0,300.0,358.0
41.261943,41,298.0,346.0,265.0
41.261943,4,392.0,68.0,69.0
41.261943,9,51.0,334.0,189.0
41.261943,12,244.0,551.0,261.0
41.261943,12,244.0,550.0,259.0
41.261943,9,51.0,333.0,187.0
41.261943,26,421.0,239.0,210.0
41.261943,11,158.0,513.0,237.0
41.261943,25,358.0,180.0,245.0
41.261943,25,358.0,180.0,245.0
41.261943,13,326.0,557.0,275.0
41.397021,13,326.0,557.0,276.0
41.397021,23,194.0,217.0,320.0
41.397021,25,356.0,179.0,246.0
41.397021,1,549.0,305.0,354.0
41.397021,24,272.0,171.0,285.0
41.397021,11,156.0,511.0,237.0
41.397021,1,549.0,306.0,354.0
41.397021,3,469.0,117.0,49.0
41.397021,25,355.0,179.0,246.0
41.397021,11,155.0,510.0,235.0
41.397021,10,85.0,433.0,209.0
41.397021,16,554.0,396.0,342.0
41.547946,42,343.0,299.0,1.0
41.547946,13,322.0,557.0,276.0
41.547946,25,353.0,178.0,247.0
41.547946,43,287.0,261.0,113.0
41.547946,4,399.0,71.0,64.0
41.547946,24,267.0,173.0,285.0
41.547946,8,62.0,225.0,159.0
41.547946,16,553.0,398.0,343.0
41.547946,26,417.0,232.0,213.0
41.547946,30,246.0,432.0,67.0
41.547946,42,343.0,302.0,350.0
41.547946,7,109.0,139.0,139.0
41.684829,16,552.0,399.0,342.0
41.684829,1,549.0,313.0,0.0
41.684829,42,343.0,303.0,348.0
41.684829,16,552.0,400.0,342.0
41.684829,5,301.0,53.0,90.0
41.684829,11,149.0,506.0,233.0
41.684829,26,415.0,229.0,214.0
41.684829,23,188.0,226.0,326.0
41.684829,27,440.0,304.0,179.0
41.684829,3,476.0,123.0,44.0
41.684829,16,551.0,402.0,342.0
41.684829,11,147.0,505.0,232.0
41.833339,12,230.0,547.0,254.0
41.833339,12,230.0,547.0,256.0
41.833339,43,293.0,260.0,96.0
41.833339,13,312.0,558.0,273.0
41.833339,43,294.0,260.0,93.0
41.833339,9,49.0,317.0,186.0
41.833339,13,312.0,558.0,275.0
41.833339,9,49.0,317.0,186.0
41.833339,16,550.0,406.0,340.0
41.833339,23,185.0,230.0,329.0
41.833339,23,185.0,230.0,329.0
41.833339,43,296.0,260.0,90.0
41.969990,23,184.0,231.0,330.0
41.969990,3,479.0,127.0,44.0
41.969990,16,549.0,407.0,340.0
41.969990,30,256.0,436.0,72.0
41.969990,42,341.0,314.0,349.0
41.969990,1,549.0,322.0,352.0
41.969990,27,439.0,297.0,186.0
41.969990,43,299.0,260.0,90.0
41.969990,30,258.0,436.0,70.0
41.969990,43,301.0,260.0,87.0
41.969990,1,549.0,324.0,354.0
41.969990,42,340.0,317.0,344.0
42.105523,30,259.0,437.0,72.0
42.105523,21,197.0,390.0,40.0
42.105523,16,548.0,412.0,340.0
42.105523,13,304.0,558.0,272.0
42.105523,12,221.0,545.0,252.0
42.105523,13,304.0,558.0,273.0
42.105523,1,548.0,327.0,356.0
42.105523,14,400.0,542.0,287.0
42.105523,14,400.0,542.0,288.0
42.105523,42,339.0,320.0,339.0
42.105523,42,339.0,320.0,339.0
42.105523,13,302.0,558.0,271.0
42.255625,25,334.0,172.0,258.0
42.255625,21,200.0,394.0,42.0
42.255625,21,200.0,394.0,44.0
42.255625,23,180.0,239.0,332.0
42.255625,29,355.0,433.0,110.0
42.255625,42,338.0,322.0,333.0
42.255625,12,216.0,543.0,253.0
42.255625,11,136.0,496.0,229.0
42.255625,23,179.0,240.0,334.0
42.255625,1,548.0,332.0,353.0
42.255625,2,542.0,232.0,14.0
42.255625,13,297.0,558.0,267.0
42.404868,15,483.0,497.0,310.0
42.404868,15,483.0,498.0,311.0
42.404868,14,395.0,544.0,286.0
42.404868,15,482.0,498.0,312.0
42.404868,22,165.0,321.0,9.0
42.404868,2,542.0,234.0,12.0
42.404868,27,438.0,284.0,191.0
42.404868,25,327.0,171.0,258.0
42.404868,42,336.0,327.0,326.0
42.404868,13,293.0,558.0,267.0
42.404868,42,335.0,328.0,328.0
42.404868,15,480.0,500.0,3.0
42.527848,22,166.0,324.0,11.0
42.527848,29,361.0,430.0,114.0
42.527848,8,72.0,199.0,158.0
42.527848,13,291.0,558.0,269.0
42.527848,42,334.0,330.0,321.0
42.527848,28,424.0,369.0,153.0
42.527848,42,333.0,330.0,323.0
42.527848,11,130.0,490.0,225.0
42.527848,9,50.0,296.0,176.0
42.527848,12,207.0,540.0,252.0
42.527848,15,478.0,502.0,309.0
42.676394,8,73.0,196.0,157.0
42.676394,27,437.0,279.0,190.0
42.676394,7,129.0,118.0,130.0
42.676394,3,494.0,142.0,40.0
42.676394,25,320.0,169.0,263.0
42.676394,8,74.0,195.0,157.0
42.676394,27,437.0,277.0,193.0
42.676394,41,261.0,326.0,213.0
42.676394,26,397.0,206.0,227.0
42.676394,13,285.0,558.0,270.0
42.676394,21,210.0,404.0,50.0
42.676394,21,211.0,404.0,50.0
42.676394,8,74.0,193.0,1.0
42.813305,15,474.0,505.0,304.0
42.813305,41,260.0,324.0,211.0
42.813305,29,369.0,426.0,120.0
42.813305,13,282.0,558.0,270.0
42.813305,13,282.0,558.0,270.0
42.813305,15,472.0,506.0,307.0
42.813305,25,315.0,169.0,266.0
42.813305,27,436.0,272.0,193.0
42.813305,13,280.0,558.0,270.0
42.813305,13,280.0,558.0,270.0
42.813305,14,378.0,548.0,284.0
42.961267,27,435.0,271.0,194.0
42.961267,43,323.0,267.0,55.0
42.961267,13,279.0,558.0,270.0
42.961267,27,435.0,269.0,194.0
42.961267,22,168.0,338.0,14.0
42.961267,3,499.0,149.0,37.0
42.961267,14,376.0,549.0,281.0
42.961267,26,390.0,201.0,232.0
42.961267,12,196.0,536.0,248.0
42.961267,43,325.0,268.0,50.0
42.961267,13,276.0,558.0,267.0
42.961267,42,324.0,339.0,305.0
43.111326,21,217.0,409.0,52.0
43.111326,43,326.0,269.0,47.0
43.111326,21,218.0,410.0,52.0
43.111326,15,466.0,510.0,306.0
43.111326,13,274.0,558.0,265.0
43.111326,13,273.0,558.0,265.0
43.111326,11,119.0,479.0,221.0
43.111326,13,273.0,558.0,264.0
43.111326,28,431.0,354.0,163.0
43.111326,13,272.0,558.0,267.0
43.111326,42,320.0,342.0,300.0
43.111326,43,328.0,271.0,46.0
43.247105,27,433.0,262.0,197.0
43.247105,10,65.0,388.0,199.0
43.247105,23,169.0,265.0,344.0
43.247105,13,270.0,557.0,265.0
43.247105,23,169.0,266.0,344.0
43.247105,12,190.0,533.0,246.0
43.247105,22,171.0,346.0,19.0
43.247105,13,268.0,557.0,264.0
43.247105,11,116.0,475.0,220.0
43.247105,16,532.0,442.0,327.0
43.247105,13,267.0,557.0,265.0
43.247105,13,267.0,557.0,26.0
43.381536,11,115.0,474.0,220.0
43.381536,10,64.0,384.0,196.0
43.381536,25,300.0,168.0,270.0
43.381536,1,542.0,362.0,346.0
43.381536,5,350.0,58.0,77.0
43.381536,12,186.0,532.0,247.0
43.381536,43,333.0,277.0,37.0
43.381536,12,185.0,531.0,245.0
43.381536,3,507.0,161.0,33.0
43.381536,9,53.0,270.0,173.0
43.381536,43,334.0,277.0,36.0
43.381536,27,430.0,255.0,203.0
43.531750,27,430.0,255.0,202.0
43.531750,43,334.0,278.0,34.0
43.531750,27,430.0,254.0,202.0
43.531750,14,361.0,552.0,280.0
43.531750,43,335.0,279.0,29.0
43.531750,24,217.0,198.0,309.0
43.531750,43,335.0,279.0,29.0
43.531750,13,260.0,556.0,262.0
43.531750,24,216.0,199.0,309.0
43.531750,24,216.0,199.0,313.0
43.531750,30,302.0,443.0,90.0
43.531750,27,429.0,252.0,2.0
43.667017,2,550.0,268.0,4.0
43.667017,27,428.0,251.0,203.0
43.667017,14,357.0,552.0,286.0
43.667017,43,336.0,281.0,25.0
43.667017,22,175.0,357.0,24.0
43.667017,16,526.0,452.0,327.0
43.667017,23,165.0,278.0,349.0
43.667017,9,54.0,263.0,174.0
43.667017,9,54.0,263.0,173.0
43.667017,43,337.0,284.0,22.0
43.667017,11,108.0,465.0,219.0
43.667017,13,255.0,556.0,261.0
43.803754,12,177.0,527.0,241.0
43.803754,13,254.0,555.0,259.0
43.803754,43,338.0,285.0,22.0
43.803754,8,89.0,166.0,146.0
43.803754,11,106.0,463.0,219.0
43.803754,9,54.0,260.0,173.0
43.803754,43,338.0,286.0,22.0
43.803754,15,448.0,521.0,298.0
43.803754,25,285.0,169.0,278.0
43.803754,12,175.0,525.0,236.0
43.951379,27,425.0,244.0,206.0
43.951379,13,250.0,555.0,262.0
43.951379,2,551.0,276.0,1.0
43.951379,1,538.0,377.0,340.0
43.951379,43,339.0,289.0,22.0
43.951379,14,348.0,554.0,282.0
43.951379,13,249.0,555.0,262.0
43.951379,15,444.0,523.0,295.0
43.951379,41,255.0,290.0,171.0
43.951379,22,179.0,365.0,29.0
43.951379,5,368.0,62.0,75.0
43.951379,29,398.0,406.0,132.0
44.086171,43,340.0,292.0,16.0
44.086171,43,340.0,292.0,16.0
44.086171,43,340.0,292.0,15.0
44.086171,2,551.0,281.0,0.0
44.086171,26,364.0,184.0,245.0
44.086171,2,551.0,282.0,3.0
44.086171,5,370.0,63.0,74.0
44.086171,10,58.0,363.0,190.0
44.086171,3,517.0,177.0,31.0
44.086171,43,341.0,294.0,8.0
44.086171,13,243.0,554.0,264.0
44.086171,21,244.0,425.0,67.0
44.221402,15,439.0,525.0,293.0
44.221402,43,341.0,294.0,6.0
44.221402,24,203.0,212.0,318.0
44.221402,42,292.0,346.0,256.0
44.221402,21,246.0,426.0,68.0
44.221402,24,203.0,212.0,319.0
44.221402,15,437.0,527.0,293.0
44.221402,2,552.0,286.0,3.0
44.221402,9,56.0,247.0,170.0
44.221402,16,516.0,464.0,325.0
44.221402,28,439.0,322.0,176.0
44.221402,24,201.0,214.0,317.0
44.372681,27,419.0,233.0,210.0
44.372681,24,201.0,214.0,318.0
44.372681,27,419.0,233.0,209.0
44.372681,6,272.0,54.0,96.0
44.372681,28,439.0,320.0,177.0
44.372681,16,514.0,467.0,325.0
44.372681,14,336.0,555.0,275.0
44.372681,22,185.0,375.0,34.0
44.372681,8,99.0,152.0,145.0
44.372681,28,439.0,319.0,177.0
44.372681,22,185.0,376.0,35.0
44.372681,24,199.0,217.0,319.0
44.509843,16,512.0,469.0,319.0
44.509843,16,512.0,470.0,320.0
44.509843,43,341.0,302.0,346.0
44.509843,2,552.0,293.0,1.0
44.509843,15,430.0,530.0,298.0
44.509843,16,511.0,471.0,319.0
44.509843,16,511.0,471.0,321.0
44.509843,23,163.0,303.0,0.0
44.509843,21,255.0,430.0,74.0
44.509843,15,429.0,530.0,295.0
44.509843,3,523.0,188.0,27.0
44.509843,3,523.0,189.0,27.0
44.646761,14,329.0,556.0,277.0
44.646761,13,230.0,552.0,256.0
44.646761,13,230.0,552.0,258.0
44.646761,43,340.0,307.0,350.0
44.646761,42,279.0,343.0,243.0
44.646761,24,194.0,222.0,323.0
44.646761,23,163.0,307.0,2.0
44.646761,16,508.0,474.0,318.0
44.646761,12,155.0,512.0,235.0
44.646761,16,508.0,475.0,314.0
44.646761,1,530.0,398.0,336.0
44.646761,11,91.0,442.0,213.0
44.794015,43,339.0,312.0,351.0
44.794015,25,261.0,175.0,288.0
44.794015,43,339.0,312.0,349.0
44.794015,43,339.0,313.0,351.0
44.794015,15,423.0,533.0,294.0
44.794015,16,506.0,477.0,315.0
44.794015,43,339.0,314.0,351.0
44.794015,16,505.0,477.0,315.0
44.794015,13,223.0,550.0,255.0
44.794015,22,192.0,386.0,37.0
44.794015,11,89.0,439.0,214.0
44.794015,23,163.0,313.0,3.0
44.943871,22,193.0,387.0,38.0
44.943871,23,163.0,314.0,2.0
44.943871,3,527.0,197.0,24.0
44.943871,28,439.0,304.0,183.0
44.943871,15,419.0,534.0,289.0
44.943871,43,338.0,318.0,348.0
44.943871,43,338.0,318.0,346.0
44.943871,43,338.0,318.0,346.0
44.943871,42,271.0,338.0,232.0
44.943871,23,163.0,316.0,6.0
44.943871,28,439.0,302.0,181.0
44.943871,22,195.0,389.0,39.0
45.081295,41,269.0,264.0,129.0
45.081295,1,526.0,406.0,335.0
45.081295,15,416.0,536.0,290.0
45.081295,43,337.0,321.0,340.0
45.081295,43,337.0,321.0,338.0
45.081295,9,63.0,225.0,162.0
45.081295,42,268.0,335.0,230.0
45.081295,43,337.0,321.0,336.0
45.081295,41,272.0,262.0,129.0
45.081295,22,197.0,392.0,42.0
45.081295,4,485.0,130.0,42.0
45.081295,22,198.0,392.0,43.0
45.231012,15,412.0,537.0,290.0
45.231012,13,214.0,547.0,251.0
45.231012,15,411.0,537.0,287.0
45.231012,41,274.0,261.0,125.0
45.231012,15,411.0,538.0,288.0
45.231012,43,335.0,324.0,328.0
45.231012,43,335.0,324.0,330.0
45.231012,28,439.0,295.0,188.0
45.231012,43,335.0,324.0,330.0
45.231012,43,334.0,325.0,325.0
45.231012,3,531.0,207.0,21.0
45.231012,16,496.0,487.0,31.0
45.353151,11,83.0,428.0,207.0
45.353151,2,552.0,318.0,356.0
45.353151,30,351.0,434.0,110.0
45.353151,6,301.0,52.0,89.0
45.353151,15,407.0,539.0,288.0
45.353151,4,490.0,135.0,41.0
45.353151,43,333.0,328.0,325.0
45.353151,11,81.0,426.0,206.0
45.353151,23,165.0,328.0,11.0
45.353151,6,303.0,52.0,89.0
45.353151,42,263.0,329.0,213.0
45.353151,23,165.0,329.0,9.0
45.500553,43,331.0,330.0,325.0
45.500553,23,165.0,330.0,10.0
45.500553,8,118.0,129.0,134.0
45.500553,16,492.0,490.0,314.0
45.500553,3,533.0,213.0,20.0
45.500553,23,165.0,331.0,11.0
45.500553,16,491.0,491.0,312.0
45.500553,10,53.0,323.0,183.0
45.500553,16,490.0,492.0,314.0
45.500553,27,397.0,206.0,225.0
45.500553,8,120.0,126.0,135.0
45.500553,30,357.0,432.0,112.0
45.650511,16,489.0,493.0,314.0
45.650511,16,489.0,493.0,314.0
45.650511,43,329.0,333.0,319.0
45.650511,41,284.0,256.0,107.0
45.650511,43,328.0,334.0,315.0
45.650511,16,488.0,494.0,311.0
45.650511,23,166.0,336.0,14.0
45.650511,22,209.0,403.0,48.0
45.650511,27,394.0,203.0,227.0
45.650511,12,132.0,494.0,231.0
45.650511,22,209.0,404.0,50.0
45.650511,43,327.0,335.0,30.0
45.786430,41,288.0,255.0,106.0
45.786430,9,69.0,207.0,157.0
45.786430,27,392.0,202.0,228.0
45.786430,16,486.0,496.0,310.0
45.786430,42,257.0,319.0,213.0
45.786430,16,485.0,497.0,312.0
45.786430,16,485.0,497.0,309.0
45.786430,43,326.0,336.0,303.0
45.786430,6,315.0,53.0,86.0
45.786430,16,484.0,497.0,311.0
45.786430,43,325.0,336.0,300.0
45.922199,16,483.0,498.0,310.0
45.922199,6,317.0,53.0,86.0
45.922199,23,168.0,342.0,16.0
45.922199,15,392.0,544.0,287.0
45.922199,43,323.0,337.0,305.0
46.072433,2,550.0,338.0,348.0
46.072433,12,125.0,487.0,225.0
46.072433,13,191.0,537.0,244.0
46.072433,1,512.0,432.0,329.0
46.072433,30,370.0,426.0,118.0
46.072433,8,131.0,116.0,130.0
46.072433,16,479.0,502.0,302.0
46.072433,43,317.0,341.0,302.0
46.072433,21,300.0,437.0,90.0
46.072433,8,132.0,115.0,129.0
46.072433,43,317.0,342.0,302.0
46.215596,15,384.0,545.0,282.0
46.215596,14,282.0,559.0,270.0
46.215596,15,383.0,546.0,282.0
46.215596,1,510.0,435.0,326.0
46.215596,2,549.0,343.0,349.0
46.215596,28,433.0,268.0,198.0
46.215596,15,382.0,546.0,285.0
46.215596,14,280.0,559.0,268.0
46.215596,12,121.0,483.0,226.0
46.215596,8,135.0,113.0,132.0
46.215596,43,314.0,343.0,297.0
46.215596,15,380.0,546.0,282.0
46.365523,29,433.0,352.0,162.0
46.365523,42,253.0,305.0,186.0
46.365523,9,76.0,192.0,156.0
46.365523,6,330.0,54.0,83.0
46.365523,24,172.0,264.0,342.0
46.365523,1,508.0,439.0,322.0
46.365523,24,172.0,265.0,343.0
46.365523,1,507.0,439.0,323.0
46.365523,4,508.0,158.0,32.0
46.365523,21,309.0,437.0,94.0
46.365523,24,172.0,265.0,344.0
46.365523,28,431.0,262.0,201.0
46.502261,28,431.0,261.0,201.0
46.502261,14,274.0,559.0,265.0
46.502261,1,506.0,441.0,320.0
46.502261,42,254.0,301.0,179.0
46.502261,43,308.0,345.0,283.0
46.502261,21,311.0,437.0,93.0
46.502261,26,296.0,169.0,273.0
46.502261,43,308.0,345.0,281.0
46.502261,11,69.0,396.0,200.0
46.502261,21,313.0,436.0,96.0
46.502261,24,170.0,270.0,347.0
46.502261,12,114.0,476.0,222.0
46.651662,10,52.0,293.0,174.0
46.651662,11,68.0,394.0,198.0
46.651662,16,467.0,510.0,301.0
46.651662,10,52.0,292.0,175.0
46.651662,25,214.0,202.0,313.0
46.651662,24,170.0,272.0,346.0
46.651662,10,53.0,291.0,175.0
46.651662,43,304.0,345.0,277.0
46.651662,15,369.0,549.0,287.0
46.651662,43,303.0,345.0,276.0
46.772766,43,303.0,345.0,276.0
46.772766,27,370.0,185.0,243.0
46.772766,22,233.0,420.0,62.0
46.772766,6,342.0,56.0,78.0
46.772766,14,264.0,558.0,267.0
46.772766,8,147.0,103.0,128.0
46.772766,16,462.0,513.0,301.0
46.772766,30,388.0,415.0,128.0
46.772766,21,320.0,436.0,97.0
46.772766,25,210.0,206.0,315.0
46.772766,13,171.0,526.0,240.0
46.772766,14,261.0,558.0,267.0
46.921494,24,168.0,278.0,350.0
46.921494,21,322.0,435.0,100.0
46.921494,15,364.0,550.0,282.0
46.921494,43,296.0,346.0,270.0
46.921494,14,260.0,558.0,267.0
46.921494,13,168.0,525.0,240.0
46.921494,8,150.0,101.0,125.0
46.921494,6,348.0,57.0,77.0
46.921494,13,168.0,524.0,240.0
46.921494,23,179.0,370.0,31.0
46.921494,30,392.0,411.0,130.0
46.921494,15,360.0,551.0,282.0
47.057350,13,166.0,523.0,240.0
47.057350,43,294.0,346.0,262.0
47.057350,16,456.0,517.0,297.0
47.057350,23,180.0,372.0,32.0
47.057350,43,293.0,346.0,261.0
47.057350,13,165.0,523.0,240.0
47.057350,43,293.0,346.0,259.0
47.057350,2,544.0,367.0,344.0
47.057350,11,63.0,381.0,197.0
47.057350,43,291.0,346.0,257.0
47.057350,29,439.0,329.0,174.0
47.057350,11,63.0,380.0,197.0
47.207433,9,87.0,171.0,148.0
47.207433,11,63.0,380.0,197.0
47.207433,21,330.0,434.0,103.0
47.207433,2,543.0,370.0,342.0
47.207433,5,451.0,102.0,53.0
47.207433,5,451.0,102.0,53.0
47.207433,28,423.0,241.0,209.0
47.207433,6,355.0,58.0,78.0
47.207433,2,543.0,372.0,341.0
47.207433,29,440.0,326.0,174.0
47.207433,15,352.0,553.0,284.0
47.207433,9,89.0,168.0,149.0
47.342655,14,249.0,556.0,257.0
47.342655,26,274.0,173.0,286.0
47.342655,8,159.0,95.0,121.0
47.342655,2,542.0,374.0,342.0
47.342655,8,160.0,94.0,124.0
47.342655,1,491.0,461.0,319.0
47.342655,12,100.0,459.0,218.0
47.342655,21,336.0,432.0,106.0
47.342655,43,283.0,344.0,253.0
47.342655,43,283.0,344.0,254.0
47.342655,2,542.0,376.0,342.0
47.342655,2,541.0,376.0,342.0
47.493252,43,282.0,344.0,253.0
47.493252,13,155.0,517.0,238.0
47.493252,13,155.0,517.0,240.0
47.493252,15,347.0,554.0,284.0
47.493252,13,155.0,517.0,237.0
47.493252,27,350.0,177.0,248.0
47.493252,43,280.0,343.0,247.0
47.493252,43,280.0,343.0,247.0
47.493252,43,279.0,343.0,245.0
47.493252,16,443.0,523.0,293.0
47.493252,2,540.0,380.0,339.0
47.493252,7,257.0,57.0,100.0
47.626956,43,279.0,342.0,242.0
47.626956,23,189.0,386.0,39.0
47.626956,30,404.0,399.0,138.0
47.626956,8,167.0,90.0,122.0
47.626956,24,166.0,300.0,357.0
47.626956,13,151.0,514.0,233.0
47.626956,13,151.0,514.0,233.0
47.626956,23,190.0,387.0,38.0
47.626956,43,277.0,341.0,237.0
47.626956,9,95.0,158.0,146.0
47.626956,43,276.0,341.0,236.0
47.626956,30,407.0,397.0,141.0
47.778048,43,276.0,341.0,235.0
47.778048,30,407.0,396.0,139.0
47.778048,8,170.0,88.0,120.0
47.778048,23,192.0,389.0,40.0
47.778048,3,549.0,275.0,8.0
47.778048,30,408.0,395.0,140.0
47.778048,43,274.0,340.0,235.0
47.778048,30,408.0,395.0,141.0
47.778048,23,193.0,391.0,41.0
47.778048,7,264.0,56.0,97.0
47.778048,8,173.0,87.0,118.0
47.778048,43,273.0,339.0,235.0
47.913352,41,340.0,278.0,25.0
47.913352,16,434.0,527.0,291.0
47.913352,29,441.0,308.0,181.0
47.913352,43,272.0,338.0,233.0
47.913352,16,433.0,527.0,293.0
47.913352,23,195.0,393.0,42.0
47.913352,24,165.0,309.0,3.0
47.913352,25,190.0,230.0,326.0
47.913352,43,270.0,337.0,233.0
47.913352,14,230.0,551.0,261.0
47.913352,24,165.0,310.0,1.0
47.913352,15,332.0,557.0,280.0
48.063275,14,229.0,551.0,260.0
48.063275,5,469.0,117.0,47.0
48.063275,13,142.0,506.0,231.0
48.063275,22,268.0,434.0,78.0
48.063275,22,269.0,434.0,78.0
48.063275,43,267.0,335.0,231.0
48.063275,14,227.0,550.0,261.0
48.063275,43,267.0,334.0,229.0
48.063275,9,102.0,149.0,140.0
48.063275,12,88.0,441.0,212.0
48.063275,3,550.0,285.0,6.0
48.063275,43,265.0,333.0,227.0
48.198982,43,265.0,333.0,227.0
48.198982,14,224.0,550.0,257.0
48.198982,7,274.0,55.0,96.0
48.198982,43,265.0,333.0,225.0
48.198982,1,474.0,479.0,313.0
48.198982,41,344.0,288.0,18.0
48.198982,41,344.0,288.0,16.0
48.198982,16,424.0,531.0,292.0
48.198982,13,137.0,502.0,230.0
48.198982,43,263.0,332.0,217.0
48.198982,43,263.0,332.0,217.0
48.198982,43,263.0,331.0,215.0
48.349672,43,263.0,331.0,215.0
48.349672,13,136.0,501.0,230.0
48.349672,27,326.0,171.0,261.0
48.349672,3,550.0,291.0,0.0
48.349672,27,325.0,171.0,260.0
48.349672,15,321.0,558.0,273.0
48.349672,43,262.0,330.0,210.0
48.349672,14,219.0,548.0,254.0
48.349672,14,219.0,548.0,251.0
48.349672,16,420.0,533.0,295.0
48.349672,1,469.0,483.0,313.0
48.349672,14,218.0,547.0,25.0
48.484342,1,469.0,483.0,309.0
48.484342,43,261.0,328.0,209.0
48.484342,2,531.0,404.0,333.0
48.484342,10,61.0,239.0,165.0
48.484342,14,216.0,547.0,253.0
48.484342,43,260.0,327.0,207.0
48.484342,11,55.0,342.0,186.0
48.484342,14,215.0,547.0,252.0
48.484342,2,530.0,406.0,332.0
48.484342,43,260.0,325.0,209.0
48.484342,14,215.0,546.0,251.0
48.619734,16,416.0,535.0,295.0
48.619734,43,259.0,324.0,209.0
48.619734,15,314.0,558.0,275.0
48.619734,6,394.0,70.0,67.0
48.619734,25,180.0,247.0,330.0
48.619734,30,422.0,376.0,151.0
48.619734,42,290.0,257.0,104.0
48.619734,3,550.0,301.0,1.0
48.619734,23,210.0,408.0,53.0
48.619734,11,55.0,338.0,186.0
48.619734,30,423.0,374.0,151.0
48.619734,15,311.0,558.0,273.0
48.770880,15,311.0,558.0,273.0
48.770880,27,315.0,170.0,266.0
48.770880,43,257.0,321.0,205.0
48.770880,30,423.0,373.0,152.0
48.770880,13,126.0,492.0,226.0
48.770880,16,410.0,537.0,293.0
48.770880,3,550.0,304.0,2.0
48.770880,21,373.0,415.0,124.0
48.770880,4,539.0,221.0,18.0
48.770880,12,78.0,423.0,207.0
48.770880,15,308.0,559.0,273.0
48.770880,43,256.0,319.0,197.0
48.905096,24,168.0,334.0,13.0
48.905096,25,177.0,253.0,337.0
48.905096,7,294.0,54.0,91.0
48.905096,23,215.0,412.0,53.0
48.905096,14,204.0,543.0,253.0
48.905096,15,305.0,559.0,272.0
48.905096,29,437.0,278.0,193.0
48.905096,14,203.0,542.0,251.0
48.905096,7,297.0,53.0,90.0
48.905096,15,304.0,559.0,270.0
48.905096,16,405.0,539.0,290.0
48.905096,14,202.0,542.0,251.0
49.056230,43,255.0,316.0,188.0
49.056230,16,404.0,540.0,295.0
49.056230,15,302.0,559.0,272.0
49.056230,9,119.0,128.0,135.0
49.056230,41,343.0,313.0,349.0
49.056230,8,204.0,72.0,108.0
49.056230,15,301.0,559.0,272.0
49.056230,4,541.0,228.0,17.0
49.056230,27,304.0,169.0,274.0
49.056230,1,454.0,496.0,307.0
49.056230,27,303.0,169.0,271.0
49.056230,12,74.0,415.0,203.0
49.192113,11,54.0,325.0,185.0
49.192113,43,255.0,311.0,183.0
49.192113,15,298.0,559.0,271.0
49.192113,14,197.0,540.0,249.0
49.192113,25,174.0,262.0,338.0
49.192113,25,174.0,262.0,339.0
49.192113,7,305.0,53.0,91.0
49.192113,4,542.0,232.0,15.0
49.192113,11,53.0,322.0,185.0
49.192113,16,397.0,542.0,290.0
49.192113,14,195.0,539.0,248.0
49.192113,1,451.0,499.0,305.0
49.330008,1,450.0,499.0,304.0
49.330008,22,303.0,438.0,99.0
49.330008,5,495.0,143.0,40.0
49.330008,8,211.0,69.0,106.0
49.330008,41,341.0,320.0,335.0
49.330008,9,126.0,122.0,135.0
49.330008,21,386.0,406.0,129.0
49.330008,11,53.0,318.0,183.0
49.330008,8,213.0,69.0,108.0
49.330008,21,386.0,405.0,131.0
49.330008,29,434.0,265.0,200.0
49.330008,14,191.0,537.0,247.0
49.478560,9,128.0,120.0,136.0
49.478560,5,497.0,146.0,37.0
49.478560,24,173.0,350.0,21.0
49.478560,11,53.0,315.0,183.0
49.478560,24,173.0,351.0,21.0
49.478560,11,53.0,315.0,181.0
49.478560,9,129.0,119.0,133.0
49.478560,22,312.0,437.0,97.0
49.478560,11,53.0,314.0,183.0
49.478560,15,287.0,559.0,267.0
49.478560,28,378.0,193.0,239.0
49.478560,27,291.0,171.0,276.0
49.615549,43,255.0,299.0,176.0
49.615549,30,433.0,352.0,162.0
49.615549,42,316.0,259.0,64.0
49.615549,30,433.0,351.0,162.0
49.615549,10,71.0,209.0,157.0
49.615549,8,220.0,67.0,108.0
49.615549,41,336.0,328.0,323.0
49.615549,10,72.0,208.0,157.0
49.615549,28,375.0,191.0,239.0
49.615549,43,255.0,297.0,164.0
49.615549,1,441.0,506.0,301.0
49.615549,43,255.0,296.0,163.0
49.764310,10,72.0,206.0,156.0
49.764310,16,384.0,546.0,291.0
49.764310,2,513.0,436.0,328.0
49.764310,24,176.0,358.0,25.0
49.764310,10,73.0,205.0,159.0
49.764310,13,106.0,472.0,219.0
49.764310,14,182.0,533.0,241.0
49.764310,24,176.0,359.0,25.0
49.764310,27,283.0,172.0,281.0
49.764310,22,323.0,435.0,94.0
49.764310,10,74.0,203.0,156.0
49.764310,23,238.0,427.0,68.0
49.900342,27,282.0,172.0,280.0
49.900342,14,180.0,531.0,241.0
49.900342,14,180.0,531.0,241.0
49.900342,43,257.0,291.0,159.0
49.900342,1,436.0,509.0,304.0
49.900342,16,379.0,548.0,284.0
49.900342,12,66.0,394.0,200.0
49.900342,29,428.0,251.0,206.0
49.900342,43,258.0,289.0,161.0
49.900342,14,177.0,530.0,243.0
49.900342,43,258.0,288.0,158.0
49.900342,2,510.0,442.0,325.0
50.051232,5,507.0,159.0,36.0
50.051232,6,430.0,88.0,57.0
50.051232,5,507.0,159.0,35.0
50.051232,14,175.0,529.0,243.0
50.051232,30,436.0,339.0,168.0
50.051232,15,272.0,558.0,267.0
50.051232,1,432.0,512.0,305.0
50.051232,16,374.0,549.0,284.0
50.051232,43,259.0,285.0,158.0
50.051232,22,332.0,434.0,102.0
50.051232,1,431.0,513.0,303.0
50.051232,11,54.0,297.0,177.0
50.185966,14,172.0,527.0,244.0
50.185966,25,167.0,288.0,349.0
50.185966,43,260.0,283.0,151.0
50.185966,25,167.0,289.0,351.0
50.185966,11,54.0,295.0,175.0
50.185966,11,54.0,294.0,175.0
50.185966,6,435.0,91.0,58.0
50.185966,10,78.0,193.0,155.0
50.185966,24,182.0,371.0,24.0
50.185966,41,323.0,341.0,300.0
50.185966,26,202.0,216.0,319.0
50.185966,9,146.0,104.0,124.0
50.334666,30,438.0,332.0,171.0
50.334666,12,63.0,385.0,196.0
50.334666,30,438.0,332.0,171.0
50.334666,3,547.0,348.0,350.0
50.334666,3,547.0,348.0,350.0
50.334666,14,167.0,524.0,243.0
50.334666,8,241.0,61.0,103.0
50.334666,43,262.0,279.0,138.0
50.334666,43,262.0,279.0,138.0
50.334666,16,366.0,551.0,281.0
50.334666,43,263.0,278.0,140.0
50.334666,42,335.0,274.0,39.0
50.472939,43,263.0,278.0,138.0
50.472939,43,263.0,278.0,139.0
50.472939,8,243.0,61.0,102.0
50.472939,30,438.0,327.0,174.0
50.472939,28,354.0,181.0,253.0
50.472939,23,257.0,432.0,75.0
50.472939,29,420.0,236.0,212.0
50.472939,27,264.0,177.0,286.0
50.472939,42,336.0,277.0,32.0
50.472939,23,258.0,433.0,75.0
50.472939,15,258.0,556.0,262.0
50.472939,42,337.0,277.0,31.0
50.622845,29,419.0,234.0,214.0
50.622845,42,337.0,278.0,29.0
50.622845,30,439.0,324.0,174.0
50.622845,25,166.0,301.0,357.0
50.622845,42,338.0,279.0,28.0
50.622845,41,313.0,345.0,285.0
50.622845,8,249.0,59.0,103.0
50.622845,43,267.0,273.0,137.0
50.622845,15,255.0,556.0,261.0
50.622845,28,349.0,179.0,253.0
50.622845,42,338.0,280.0,24.0
50.622845,29,417.0,231.0,213.0
50.771298,42,339.0,281.0,23.0
50.771298,12,60.0,373.0,195.0
50.771298,15,253.0,556.0,259.0
50.771298,43,269.0,271.0,129.0
50.771298,42,339.0,282.0,23.0
50.771298,2,496.0,461.0,318.0
50.771298,21,414.0,375.0,148.0
50.771298,16,353.0,554.0,285.0
50.771298,8,254.0,58.0,103.0
50.771298,11,56.0,276.0,173.0
50.890872,43,270.0,270.0,124.0
50.890872,13,88.0,446.0,210.0
50.890872,2,495.0,463.0,319.0
50.890872,29,415.0,227.0,216.0
50.890872,43,271.0,269.0,122.0
50.890872,11,56.0,274.0,171.0
50.890872,3,544.0,364.0,348.0
50.890872,3,544.0,364.0,345.0
50.890872,21,416.0,372.0,150.0
50.890872,9,163.0,94.0,121.0
50.890872,11,56.0,273.0,173.0
50.890872,13,86.0,443.0,210.0
51.026469,2,492.0,465.0,319.0
51.026469,42,342.0,289.0,17.0
51.026469,9,164.0,93.0,120.0
51.026469,43,275.0,267.0,119.0
51.026469,42,342.0,290.0,15.0
51.026469,16,345.0,555.0,280.0
51.188873,26,187.0,236.0,329.0
51.188873,43,279.0,265.0,121.0
51.188873,13,83.0,438.0,210.0
51.188873,15,239.0,553.0,256.0
51.188873,4,553.0,288.0,5.0
51.188873,1,402.0,527.0,301.0
51.188873,13,83.0,437.0,211.0
51.188873,13,82.0,436.0,209.0
51.188873,24,199.0,394.0,46.0
51.188873,43,281.0,264.0,118.0
51.188873,11,58.0,264.0,172.0
51.188873,10,92.0,166.0,149.0
51.349538,2,486.0,472.0,315.0
51.349538,15,236.0,552.0,254.0
51.349538,43,283.0,263.0,114.0
51.349538,26,184.0,241.0,333.0
51.349538,42,343.0,298.0,3.0
51.349538,16,336.0,557.0,276.0
51.349538,10,94.0,164.0,145.0
51.349538,3,540.0,377.0,343.0
51.349538,22,367.0,421.0,119.0
51.349538,21,422.0,360.0,156.0
51.349538,42,343.0,300.0,1.0
51.349538,27,239.0,187.0,296.0
51.484769,11,58.0,259.0,173.0
51.484769,11,59.0,259.0,173.0
51.484769,21,423.0,358.0,158.0
51.484769,25,167.0,326.0,5.0
51.484769,43,286.0,261.0,107.0
51.484769,43,286.0,261.0,107.0
51.484769,27,237.0,188.0,298.0
51.484769,2,482.0,477.0,312.0
51.484769,6,466.0,113.0,47.0
51.484769,21,424.0,356.0,158.0
51.484769,13,78.0,429.0,210.0
51.484769,21,424.0,356.0,155.0
51.633693,25,167.0,329.0,6.0
51.633693,16,329.0,558.0,278.0
51.633693,12,55.0,348.0,187.0
51.633693,16,328.0,558.0,279.0
51.633693,1,392.0,532.0,291.0
51.633693,1,392.0,532.0,291.0
51.633693,43,290.0,260.0,98.0
51.633693,1,391.0,532.0,290.0
51.633693,1,390.0,533.0,290.0
51.633693,6,470.0,116.0,46.0
51.633693,30,438.0,292.0,191.0
51.633693,1,390.0,533.0,290.0
51.768722,41,280.0,343.0,245.0
51.768722,14,134.0,501.0,227.0
51.768722,29,398.0,208.0,228.0
51.768722,14,134.0,501.0,227.0
51.768722,2,477.0,482.0,313.0
51.768722,43,295.0,260.0,94.0
51.768722,23,295.0,439.0,90.0
51.768722,6,472.0,118.0,44.0
51.768722,11,60.0,249.0,170.0
51.768722,42,342.0,312.0,342.0
51.768722,12,55.0,341.0,186.0
51.768722,13,74.0,421.0,210.0
51.918939,10,102.0,153.0,144.0
51.918939,23,298.0,439.0,90.0
51.918939,29,395.0,205.0,230.0
51.918939,14,131.0,498.0,223.0
51.918939,43,299.0,260.0,93.0
51.918939,16,319.0,559.0,275.0
51.918939,26,177.0,256.0,336.0
51.918939,27,226.0,195.0,302.0
51.918939,16,318.0,559.0,277.0
51.918939,3,535.0,393.0,341.0
51.918939,43,300.0,259.0,89.0
51.918939,21,428.0,344.0,161.0
52.053214,1,382.0,536.0,287.0
52.053214,43,301.0,259.0,87.0
52.053214,43,301.0,259.0,87.0
52.053214,2,471.0,487.0,310.0
52.053214,27,224.0,197.0,305.0
52.053214,14,128.0,494.0,225.0
52.053214,30,437.0,282.0,193.0
52.053214,30,437.0,281.0,194.0
52.053214,16,314.0,559.0,275.0
52.053214,26,175.0,261.0,340.0
52.053214,27,222.0,198.0,308.0
52.190109,21,430.0,340.0,166.0
52.190109,11,62.0,239.0,169.0
52.190109,22,386.0,409.0,131.0
52.190109,43,304.0,260.0,78.0
52.190109,21,430.0,339.0,166.0
52.190109,27,221.0,199.0,307.0
52.190109,43,305.0,260.0,74.0
52.190109,42,338.0,323.0,332.0
52.190109,6,481.0,127.0,42.0
52.190109,5,536.0,217.0,22.0
52.190109,25,171.0,348.0,19.0
52.190109,6,481.0,128.0,42.0
52.190109,16,309.0,560.0,2.0
52.340036,43,307.0,260.0,71.0
52.340036,9,198.0,76.0,111.0
52.340036,42,337.0,325.0,328.0
52.340036,8,297.0,54.0,89.0
52.340036,27,217.0,202.0,311.0
52.340036,27,217.0,202.0,311.0
52.340036,13,67.0,408.0,203.0
52.340036,13,67.0,407.0,202.0
52.340036,1,371.0,540.0,284.0
52.340036,42,336.0,327.0,323.0
52.340036,3,530.0,405.0,337.0
52.340036,15,205.0,543.0,249.0
52.475291,3,530.0,406.0,337.0
52.475291,1,369.0,540.0,287.0
52.475291,28,298.0,172.0,273.0
52.475291,28,298.0,172.0,275.0
52.475291,41,263.0,329.0,217.0
52.475291,43,313.0,263.0,69.0
52.475291,8,303.0,54.0,89.0
52.475291,7,398.0,72.0,69.0
52.475291,3,529.0,408.0,336.0
52.475291,16,302.0,559.0,272.0
52.475291,25,174.0,356.0,21.0
52.475291,10,115.0,137.0,135.0
52.625407,30,433.0,268.0,198.0
52.625407,30,433.0,267.0,198.0
52.625407,10,116.0,137.0,136.0
52.625407,6,488.0,135.0,39.0
52.625407,24,229.0,418.0,58.0
52.625407,43,316.0,264.0,65.0
52.625407,16,299.0,559.0,273.0
52.625407,42,331.0,333.0,316.0
52.625407,11,66.0,225.0,163.0
52.625407,10,117.0,135.0,137.0
52.625407,22,397.0,399.0,134.0
52.625407,4,552.0,331.0,356.0
52.775590,11,66.0,224.0,163.0
52.775590,1,362.0,542.0,284.0
52.775590,9,210.0,71.0,112.0
52.775590,16,295.0,559.0,272.0
52.775590,3,526.0,414.0,332.0
52.775590,25,177.0,362.0,25.0
52.775590,8,311.0,54.0,89.0
52.775590,41,258.0,321.0,209.0
52.775590,28,288.0,173.0,279.0
52.775590,21,434.0,322.0,170.0
52.775590,14,112.0,479.0,223.0
52.775590,25,178.0,364.0,26.0
52.910291,22,400.0,396.0,136.0
52.910291,43,321.0,267.0,53.0
52.910291,30,431.0,260.0,199.0
52.910291,1,357.0,543.0,284.0
52.910291,13,62.0,393.0,196.0
52.910291,41,256.0,318.0,202.0
52.910291,5,542.0,235.0,15.0
52.910291,10,123.0,130.0,131.0
52.910291,25,179.0,367.0,27.0
52.910291,43,324.0,269.0,52.0
52.910291,14,109.0,475.0,223.0
52.910291,24,239.0,424.0,65.0
53.060506,9,217.0,68.0,106.0
53.060506,43,325.0,269.0,53.0
53.060506,30,429.0,256.0,202.0
53.060506,2,448.0,505.0,305.0
53.060506,8,319.0,55.0,86.0
53.060506,10,125.0,127.0,133.0
53.060506,24,241.0,425.0,65.0
53.060506,30,429.0,254.0,205.0
53.060506,10,126.0,127.0,132.0
53.060506,30,429.0,254.0,205.0
53.060506,43,328.0,272.0,51.0
53.060506,41,254.0,312.0,195.0
53.196652,24,243.0,426.0,67.0
53.196652,1,350.0,544.0,280.0
53.196652,3,521.0,424.0,330.0
53.196652,4,551.0,345.0,353.0
53.196652,23,336.0,435.0,106.0
53.196652,4,551.0,345.0,354.0
53.196652,21,435.0,310.0,177.0
53.196652,2,444.0,508.0,302.0
53.196652,43,330.0,274.0,46.0
53.196652,6,500.0,149.0,36.0
53.196652,6,500.0,150.0,36.0
53.196652,30,427.0,250.0,207.0
53.331945,28,274.0,176.0,287.0
53.331945,21,436.0,308.0,176.0
53.331945,2,442.0,510.0,301.0
53.331945,14,102.0,467.0,222.0
53.331945,7,420.0,82.0,63.0
53.331945,1,344.0,546.0,281.0
53.331945,13,59.0,380.0,190.0
53.331945,1,344.0,546.0,277.0
53.331945,43,332.0,276.0,37.0
53.331945,26,167.0,296.0,354.0
53.331945,28,271.0,177.0,285.0
53.331945,28,270.0,177.0,287.0
53.483969,43,333.0,277.0,33.0
53.483969,25,186.0,378.0,35.0
53.483969,4,550.0,352.0,347.0
53.483969,28,269.0,177.0,288.0
53.483969,10,134.0,119.0,130.0
53.483969,7,423.0,84.0,60.0
53.483969,28,268.0,177.0,288.0
53.483969,23,345.0,432.0,108.0
53.483969,3,516.0,433.0,328.0
53.483969,25,188.0,380.0,34.0
53.483969,28,267.0,178.0,286.0
53.483969,11,75.0,202.0,155.0
53.619035,2,436.0,514.0,300.0
53.619035,43,335.0,280.0,29.0
53.619035,2,435.0,514.0,297.0
53.619035,4,549.0,357.0,348.0
53.619035,1,337.0,547.0,276.0
53.619035,43,335.0,282.0,28.0
53.619035,43,335.0,282.0,28.0
53.619035,25,189.0,383.0,37.0
53.619035,24,256.0,431.0,71.0
53.619035,23,349.0,431.0,114.0
53.742790,27,191.0,231.0,320.0
53.742790,14,95.0,459.0,215.0
53.742790,15,172.0,526.0,238.0
53.742790,42,304.0,345.0,277.0
53.742790,2,432.0,516.0,298.0
53.742790,1,333.0,547.0,278.0
53.742790,43,337.0,285.0,27.0
53.742790,25,192.0,386.0,36.0
53.742790,27,189.0,233.0,327.0
53.742790,16,265.0,558.0,263.0
53.742790,43,338.0,286.0,26.0
53.742790,28,259.0,180.0,295.0
53.887303,43,338.0,287.0,23.0
53.887303,15,168.0,524.0,240.0
53.887303,25,193.0,388.0,37.0
53.887303,27,188.0,235.0,327.0
53.887303,43,339.0,288.0,21.0
53.887303,2,428.0,519.0,297.0
53.887303,27,188.0,236.0,328.0
53.887303,3,510.0,442.0,328.0
53.887303,16,261.0,557.0,264.0
53.887303,15,166.0,523.0,240.0
53.887303,15,165.0,522.0,239.0
53.887303,7,436.0,92.0,59.0
54.021739,7,436.0,92.0,60.0
54.021739,13,56.0,363.0,189.0
54.021739,4,547.0,368.0,345.0
54.021739,4,547.0,368.0,347.0
54.021739,10,146.0,109.0,128.0
54.021739,3,508.0,445.0,327.0
54.021739,4,546.0,369.0,344.0
54.021739,10,147.0,108.0,126.0
54.021739,43,340.0,292.0,9.0
54.021739,1,324.0,549.0,275.0
54.021739,43,340.0,292.0,6.0
54.021739,24,269.0,435.0,77.0
54.172288,43,340.0,292.0,6.0
54.172288,14,88.0,449.0,213.0
54.172288,2,421.0,522.0,295.0
54.172288,43,340.0,294.0,3.0
54.172288,22,422.0,365.0,153.0
54.172288,11,83.0,186.0,149.0
54.172288,27,183.0,243.0,330.0
54.172288,3,505.0,449.0,326.0
54.172288,22,423.0,364.0,152.0
54.172288,8,352.0,59.0,80.0
54.172288,3,505.0,450.0,325.0
54.172288,3,504.0,450.0,325.0
54.172288,3,504.0,450.0,325.0
54.324039,29,334.0,175.0,260.0
54.324039,27,182.0,245.0,330.0
54.324039,6,516.0,174.0,29.0
54.324039,14,85.0,444.0,215.0
54.324039,1,317.0,549.0,275.0
54.324039,42,287.0,345.0,255.0
54.324039,16,249.0,555.0,257.0
54.324039,15,156.0,516.0,239.0
54.324039,43,340.0,300.0,1.0
54.324039,15,155.0,516.0,238.0
54.324039,2,415.0,525.0,295.0
54.324039,43,340.0,301.0,1.0
54.459359,16,247.0,555.0,257.0
54.459359,2,414.0,526.0,293.0
54.459359,41,260.0,276.0,150.0
54.459359,43,340.0,303.0,0.0
54.459359,16,246.0,555.0,256.0
54.459359,43,340.0,303.0,1.0
54.459359,16,246.0,554.0,256.0
54.459359,27,179.0,251.0,333.0
54.459359,13,54.0,348.0,186.0
54.459359,43,340.0,305.0,0.0
54.459359,11,88.0,177.0,148.0
54.459359,6,520.0,180.0,25.0
54.608932,27,179.0,252.0,334.0
54.608932,12,56.0,264.0,170.0
54.608932,4,542.0,384.0,341.0
54.608932,28,239.0,190.0,302.0
54.608932,29,325.0,173.0,263.0
54.608932,4,542.0,385.0,339.0
54.608932,22,428.0,353.0,160.0
54.608932,43,340.0,308.0,354.0
54.608932,12,56.0,261.0,168.0
54.608932,25,209.0,405.0,49.0
54.608932,25,209.0,405.0,49.0
54.608932,25,209.0,405.0,49.0
54.745534,14,80.0,435.0,208.0
54.745534,4,541.0,387.0,338.0
54.745534,16,239.0,553.0,259.0
54.745534,27,177.0,257.0,335.0
54.745534,26,168.0,335.0,12.0
54.745534,13,53.0,341.0,190.0
54.745534,3,495.0,462.0,321.0
54.745534,1,303.0,550.0,271.0
54.745534,26,169.0,336.0,12.0
54.745534,12,57.0,257.0,170.0
54.745534,27,175.0,259.0,337.0
54.745534,13,53.0,339.0,189.0
54.894777,43,339.0,312.0,343.0
54.894777,3,494.0,464.0,319.0
54.894777,1,301.0,550.0,270.0
54.894777,24,291.0,438.0,87.0
54.894777,23,380.0,414.0,125.0
54.894777,13,52.0,337.0,189.0
54.894777,27,174.0,262.0,337.0
54.894777,27,174.0,262.0,338.0
54.894777,10,168.0,94.0,118.0
54.894777,42,271.0,336.0,230.0
54.894777,27,174.0,263.0,339.0
54.894777,6,526.0,191.0,24.0
55.029936,1,298.0,550.0,263.0
55.029936,42,270.0,335.0,230.0
55.029936,41,271.0,264.0,130.0
55.029936,7,460.0,109.0,51.0
55.029936,7,460.0,110.0,51.0
55.029936,43,337.0,318.0,341.0
55.029936,30,397.0,209.0,229.0
55.029936,43,337.0,319.0,340.0
55.029936,3,490.0,468.0,317.0
55.029936,43,336.0,320.0,340.0
55.029936,16,228.0,550.0,256.0
55.029936,2,396.0,534.0,291.0
55.180964,26,171.0,345.0,17.0
55.180964,41,274.0,261.0,124.0
55.180964,43,336.0,322.0,335.0
55.180964,15,137.0,503.0,234.0
55.180964,2,394.0,535.0,292.0
55.180964,1,292.0,549.0,265.0
55.180964,43,335.0,323.0,335.0
55.180964,22,433.0,337.0,165.0
55.180964,21,427.0,254.0,201.0
55.180964,27,172.0,270.0,342.0
55.180964,3,486.0,472.0,317.0
55.180964,10,176.0,90.0,117.0
55.303294,43,335.0,325.0,327.0
55.303294,21,426.0,252.0,200.0
55.303294,43,334.0,325.0,327.0
55.303294,2,391.0,537.0,290.0
55.303294,43,334.0,325.0,326.0
55.303294,16,222.0,548.0,253.0
55.303294,14,73.0,417.0,203.0
55.303294,41,279.0,258.0,111.0
55.303294,7,468.0,116.0,50.0
55.303294,6,531.0,202.0,21.0
55.303294,43,334.0,326.0,320.0
55.303294,24,306.0,438.0,9.0
55.450094,3,483.0,476.0,314.0
55.450094,29,301.0,173.0,275.0
55.450094,43,333.0,327.0,317.0
55.450094,23,393.0,405.0,131.0
55.450094,14,71.0,414.0,202.0
55.450094,41,282.0,257.0,112.0
55.450094,21,424.0,246.0,203.0
55.450094,25,228.0,419.0,57.0
55.450094,43,331.0,329.0,314.0
55.450094,1,282.0,549.0,270.0
55.450094,6,532.0,206.0,22.0
55.450094,3,480.0,478.0,3.0
55.587757,43,330.0,330.0,316.0
55.587757,25,230.0,420.0,58.0
55.587757,1,280.0,549.0,267.0
55.587757,43,330.0,331.0,313.0
55.587757,25,231.0,421.0,60.0
55.587757,1,279.0,549.0,267.0
55.587757,12,62.0,234.0,161.0
55.587757,43,329.0,332.0,312.0
55.587757,27,168.0,282.0,348.0
55.587757,43,328.0,332.0,316.0
55.587757,28,214.0,208.0,315.0
55.737125,43,328.0,333.0,313.0
55.737125,1,277.0,549.0,264.0
55.737125,43,327.0,333.0,314.0
55.737125,1,276.0,548.0,264.0
55.737125,13,49.0,312.0,184.0
55.737125,13,49.0,312.0,184.0
55.737125,14,69.0,405.0,198.0
55.737125,16,210.0,543.0,250.0
55.737125,25,235.0,423.0,63.0
55.737125,13,49.0,311.0,183.0
55.737125,28,211.0,211.0,315.0
55.737125,8,397.0,72.0,69.0
55.737125,6,536.0,214.0,1.0
55.873857,29,289.0,174.0,279.0
55.873857,25,237.0,424.0,63.0
55.873857,29,288.0,174.0,279.0
55.873857,11,109.0,146.0,143.0
55.873857,43,324.0,336.0,304.0
55.873857,43,324.0,336.0,304.0
55.873857,26,179.0,366.0,27.0
55.873857,23,403.0,395.0,138.0
55.873857,7,480.0,127.0,45.0
55.873857,43,323.0,336.0,301.0
55.873857,43,323.0,336.0,297.0
56.022343,3,472.0,487.0,312.0
56.022343,43,322.0,337.0,297.0
56.022343,26,180.0,369.0,28.0
56.022343,26,180.0,369.0,28.0
56.022343,30,375.0,193.0,242.0
56.022343,11,112.0,143.0,139.0
56.022343,43,321.0,337.0,301.0
56.022343,3,470.0,488.0,311.0
56.022343,6,538.0,220.0,20.0
56.022343,43,320.0,338.0,295.0
56.022343,7,483.0,131.0,42.0
56.022343,26,182.0,371.0,29.0
56.159822,16,201.0,540.0,249.0
56.159822,30,372.0,191.0,243.0
56.159822,43,318.0,339.0,294.0
56.159822,5,553.0,326.0,359.0
56.313419,1,260.0,547.0,261.0
56.313419,5,553.0,330.0,359.0
56.313419,11,118.0,137.0,138.0
56.313419,11,118.0,136.0,136.0
56.313419,1,259.0,546.0,262.0
56.313419,23,411.0,386.0,146.0
56.313419,9,312.0,55.0,86.0
56.313419,10,205.0,76.0,113.0
56.313419,4,521.0,431.0,330.0
56.313419,23,411.0,385.0,145.0
56.313419,7,489.0,137.0,41.0
56.454741,42,254.0,301.0,176.0
56.454741,27,166.0,304.0,357.0
56.454741,16,192.0,536.0,250.0
56.454741,28,198.0,224.0,321.0
56.454741,41,312.0,254.0,74.0
56.454741,16,191.0,536.0,250.0
56.454741,3,461.0,496.0,309.0
56.454741,23,413.0,382.0,149.0
56.454741,4,519.0,434.0,330.0
56.454741,30,362.0,186.0,248.0
56.454741,15,109.0,476.0,217.0
56.590490,3,459.0,498.0,311.0
56.590490,4,518.0,435.0,328.0
56.590490,26,188.0,382.0,35.0
56.590490,23,415.0,380.0,148.0
56.590490,5,552.0,339.0,354.0
56.590490,14,61.0,382.0,203.0
56.590490,6,543.0,235.0,14.0
56.590490,43,306.0,343.0,279.0
56.590490,43,306.0,343.0,279.0
56.590490,10,213.0,74.0,109.0
56.590490,16,186.0,534.0,248.0
56.590490,43,305.0,343.0,276.0
56.742002,13,51.0,285.0,172.0
56.742002,16,185.0,534.0,245.0
56.742002,23,416.0,377.0,144.0
56.742002,43,304.0,343.0,273.0
56.742002,43,303.0,343.0,273.0
56.742002,43,303.0,343.0,273.0
56.742002,43,303.0,343.0,271.0
56.742002,10,216.0,72.0,108.0
56.742002,30,355.0,183.0,251.0
56.742002,4,515.0,441.0,328.0
56.742002,14,59.0,377.0,199.0
56.875628,43,301.0,343.0,269.0
56.875628,7,497.0,147.0,40.0
56.875628,2,348.0,548.0,280.0
56.875628,5,551.0,346.0,353.0
56.875628,1,244.0,543.0,255.0
56.875628,6,545.0,242.0,13.0
56.875628,6,545.0,243.0,13.0
56.875628,4,513.0,444.0,327.0
56.875628,4,513.0,444.0,328.0
56.875628,21,402.0,212.0,223.0
56.875628,16,178.0,531.0,248.0
56.875628,16,178.0,531.0,249.0
56.875628,43,297.0,343.0,270.0
57.014480,16,177.0,530.0,249.0
57.014480,43,297.0,343.0,269.0
57.014480,1,240.0,543.0,256.0
57.014480,13,52.0,276.0,171.0
57.014480,1,239.0,542.0,256.0
57.014480,24,351.0,428.0,115.0
57.014480,13,52.0,275.0,170.0
57.014480,43,294.0,343.0,270.0
57.014480,16,175.0,529.0,249.0
57.014480,16,174.0,529.0,248.0
57.014480,28,188.0,238.0,329.0
57.150970,25,271.0,436.0,77.0
57.150970,4,510.0,449.0,328.0
57.150970,23,424.0,367.0,156.0
57.150970,10,226.0,69.0,106.0
57.150970,10,227.0,69.0,106.0
57.150970,16,172.0,528.0,247.0
57.150970,43,290.0,343.0,260.0
57.150970,43,290.0,343.0,260.0
57.150970,1,234.0,541.0,254.0
57.150970,7,503.0,155.0,38.0
57.150970,16,171.0,528.0,245.0
57.150970,43,289.0,343.0,256.0
57.300170,43,288.0,343.0,256.0
57.300170,28,186.0,243.0,331.0
57.300170,4,507.0,452.0,326.0
57.300170,4,507.0,453.0,327.0
57.300170,1,232.0,540.0,253.0
57.300170,29,248.0,186.0,297.0
57.300170,27,167.0,330.0,6.0
57.300170,1,231.0,540.0,256.0
57.300170,23,426.0,361.0,158.0
57.300170,27,167.0,331.0,8.0
57.300170,43,286.0,343.0,248.0
57.300170,23,426.0,360.0,160.0
57.436606,5,549.0,361.0,350.0
57.436606,12,81.0,187.0,153.0
57.436606,12,81.0,187.0,153.0
57.436606,21,392.0,201.0,229.0
57.436606,23,427.0,358.0,158.0
57.436606,43,284.0,342.0,246.0
57.436606,4,504.0,457.0,322.0
57.436606,27,167.0,334.0,9.0
57.436606,43,282.0,342.0,245.0
57.436606,3,437.0,513.0,303.0
57.436606,2,328.0,551.0,274.0
57.436606,43,282.0,341.0,243.0
57.586945,4,503.0,458.0,322.0
57.586945,43,281.0,341.0,245.0
57.586945,43,280.0,341.0,243.0
57.586945,43,280.0,341.0,243.0
57.586945,43,280.0,340.0,242.0
57.586945,43,279.0,340.0,241.0
57.586945,9,349.0,59.0,80.0
57.586945,43,279.0,340.0,240.0
57.586945,29,240.0,190.0,298.0
57.586945,27,168.0,339.0,11.0
57.586945,9,350.0,59.0,81.0
57.586945,41,338.0,274.0,37.0
57.721535,28,180.0,254.0,334.0
57.721535,22,432.0,267.0,197.0
57.721535,28,180.0,254.0,336.0
57.721535,26,210.0,406.0,50.0
57.721535,4,500.0,462.0,320.0
57.721535,2,322.0,552.0,271.0
57.721535,3,431.0,517.0,299.0
57.721535,4,499.0,463.0,323.0
57.721535,14,53.0,350.0,184.0
57.721535,43,276.0,338.0,235.0
57.721535,43,275.0,338.0,235.0
57.721535,16,156.0,519.0,235.0
57.872625,16,156.0,519.0,237.0
57.872625,2,319.0,552.0,273.0
57.872625,16,156.0,518.0,235.0
57.872625,41,341.0,279.0,20.0
57.872625,27,169.0,345.0,14.0
57.872625,43,274.0,337.0,227.0
57.872625,29,233.0,194.0,309.0
57.872625,28,177.0,259.0,341.0
57.872625,16,154.0,517.0,235.0
57.872625,8,450.0,102.0,53.0
57.872625,2,316.0,552.0,273.0
57.872625,4,496.0,468.0,318.0
58.009235,1,213.0,534.0,249.0
58.009235,41,342.0,283.0,19.0
58.009235,21,379.0,191.0,234.0
58.009235,28,176.0,262.0,340.0
58.009235,23,433.0,342.0,163.0
58.009235,43,271.0,334.0,225.0
58.009235,29,230.0,196.0,305.0
58.009235,15,85.0,439.0,213.0
58.009235,41,343.0,285.0,18.0
58.009235,24,378.0,414.0,121.0
58.009235,43,270.0,333.0,223.0
58.009235,16,150.0,514.0,230.0
58.158105,23,434.0,339.0,164.0
58.158105,43,269.0,332.0,223.0
58.158105,29,228.0,198.0,302.0
58.158105,5,543.0,382.0,342.0
58.158105,1,209.0,533.0,246.0
58.158105,1,208.0,532.0,247.0
58.158105,28,175.0,267.0,341.0
58.158105,5,543.0,383.0,340.0
58.158105,16,148.0,512.0,228.0
58.158105,43,266.0,329.0,224.0
58.158105,13,58.0,241.0,168.0
58.158105,3,418.0,524.0,296.0
58.293366,16,147.0,511.0,229.0
58.293366,25,304.0,439.0,94.0
58.293366,13,58.0,240.0,170.0
58.293366,2,305.0,553.0,269.0
58.293366,2,305.0,553.0,271.0
58.293366,24,383.0,410.0,128.0
58.293366,43,265.0,327.0,221.0
58.293366,8,460.0,109.0,52.0
58.293366,43,264.0,327.0,221.0
58.293366,24,385.0,409.0,128.0
58.293366,1,203.0,530.0,245.0
58.293366,43,263.0,326.0,217.0
58.444837,13,59.0,237.0,166.0
58.444837,41,345.0,294.0,5.0
58.444837,7,522.0,185.0,31.0
58.444837,43,263.0,325.0,215.0
58.444837,15,79.0,429.0,213.0
58.444837,28,172.0,274.0,344.0
58.444837,3,413.0,526.0,293.0
58.444837,26,228.0,420.0,59.0
58.444837,26,228.0,420.0,58.0
58.444837,24,388.0,406.0,128.0
58.444837,15,78.0,428.0,211.0
58.444837,8,464.0,113.0,50.0
58.579857,26,229.0,420.0,61.0
58.579857,14,52.0,328.0,185.0
58.579857,7,524.0,188.0,28.0
58.579857,13,60.0,232.0,166.0
58.579857,42,291.0,256.0,105.0
58.579857,43,261.0,322.0,203.0
58.579857,43,261.0,322.0,203.0
58.579857,43,261.0,321.0,202.0
58.579857,23,437.0,324.0,171.0
58.579857,26,232.0,422.0,62.0
58.579857,14,51.0,324.0,184.0
58.579857,3,408.0,529.0,295.0
58.729826,26,233.0,423.0,62.0
58.729826,28,170.0,280.0,349.0
58.729826,23,438.0,322.0,171.0
58.729826,30,300.0,175.0,275.0
58.729826,23,438.0,321.0,173.0
58.729826,2,292.0,553.0,266.0
58.729826,43,259.0,318.0,199.0
58.729826,23,438.0,320.0,174.0
58.729826,23,438.0,320.0,171.0
58.729826,5,537.0,399.0,341.0
58.729826,5,537.0,399.0,339.0
58.729826,27,180.0,370.0,28.0
58.864644,43,259.0,316.0,201.0
58.864644,43,259.0,316.0,198.0
58.864644,7,527.0,195.0,27.0
58.864644,13,62.0,224.0,163.0
58.864644,27,180.0,372.0,28.0
58.864644,29,211.0,212.0,313.0
58.864644,3,401.0,531.0,295.0
58.864644,25,322.0,437.0,102.0
58.864644,43,258.0,313.0,196.0
58.864644,2,287.0,552.0,263.0
58.864644,1,188.0,523.0,243.0
58.864644,43,258.0,313.0,197.0
59.014266,25,323.0,437.0,100.0
59.014266,1,187.0,523.0,242.0
59.014266,24,398.0,397.0,139.0
59.014266,8,474.0,122.0,46.0
59.014266,3,398.0,533.0,295.0
59.014266,4,474.0,490.0,311.0
59.014266,8,475.0,123.0,45.0
59.014266,41,343.0,313.0,343.0
59.014266,1,185.0,522.0,241.0
59.014266,13,64.0,218.0,161.0
59.014266,4,473.0,491.0,310.0
59.014266,3,396.0,533.0,293.0
59.149583,23,439.0,310.0,180.0
59.149583,25,328.0,436.0,100.0
59.149583,22,416.0,229.0,212.0
59.149583,27,184.0,379.0,30.0
59.149583,23,439.0,309.0,180.0
59.149583,16,128.0,493.0,228.0
59.149583,2,280.0,552.0,263.0
59.149583,25,330.0,435.0,100.0
59.149583,4,470.0,493.0,308.0
59.149583,6,555.0,308.0,0.0
59.149583,3,392.0,535.0,293.0
59.149583,23,439.0,306.0,180.0
59.300280,3,392.0,535.0,293.0
59.300280,28,168.0,296.0,357.0
59.300280,26,248.0,430.0,70.0
59.300280,42,311.0,256.0,77.0
59.300280,43,257.0,305.0,180.0
59.300280,9,396.0,73.0,68.0
59.300280,23,439.0,304.0,180.0
59.300280,1,178.0,518.0,239.0
59.300280,7,533.0,208.0,21.0
59.300280,1,178.0,518.0,238.0
59.300280,24,405.0,389.0,140.0
59.300280,1,177.0,517.0,239.0
59.437655,22,412.0,223.0,218.0
59.437655,41,339.0,323.0,333.0
59.437655,16,122.0,488.0,226.0
59.437655,1,176.0,517.0,238.0
59.437655,43,257.0,301.0,179.0
59.437655,7,535.0,211.0,21.0
59.437655,1,175.0,516.0,240.0
59.437655,28,167.0,303.0,358.0
59.437655,41,338.0,325.0,327.0
59.437655,7,535.0,212.0,22.0
59.437655,4,463.0,499.0,308.0
59.437655,24,408.0,386.0,140.0
59.587008,8,485.0,133.0,44.0
59.587008,43,257.0,297.0,177.0
59.587008,3,384.0,538.0,289.0
59.587008,43,257.0,296.0,174.0
59.587008,42,318.0,259.0,62.0
59.587008,23,439.0,296.0,185.0
59.587008,27,192.0,390.0,36.0
59.587008,24,410.0,384.0,145.0
59.587008,15,67.0,398.0,196.0
59.587008,3,381.0,539.0,290.0
59.587008,23,438.0,295.0,186.0
59.587008,27,193.0,391.0,38.0
59.722522,21,336.0,170.0,256.0
59.722522,21,335.0,170.0,255.0
59.722522,10,299.0,57.0,91.0
59.722522,23,438.0,293.0,188.0
59.722522,25,345.0,431.0,108.0
59.722522,27,194.0,393.0,38.0
59.722522,15,66.0,394.0,194.0
59.722522,43,257.0,292.0,160.0
59.722522,22,405.0,214.0,221.0
59.722522,28,167.0,311.0,2.0
59.722522,2,262.0,550.0,257.0
59.722522,11,200.0,80.0,114.0
59.872589,26,263.0,435.0,74.0
59.872589,5,525.0,427.0,335.0
59.872589,4,456.0,504.0,302.0
59.872589,43,258.0,289.0,158.0
59.872589,43,258.0,289.0,158.0
59.872589,8,492.0,140.0,41.0
59.872589,27,197.0,396.0,41.0
59.872589,43,259.0,288.0,160.0
59.872589,9,412.0,80.0,64.0
59.872589,7,540.0,224.0,21.0
59.872589,10,306.0,57.0,90.0
59.872589,1,163.0,509.0,237.0
60.010013,42,328.0,265.0,52.0
60.010013,10,307.0,57.0,90.0
60.010013,7,540.0,225.0,21.0
60.010013,43,260.0,286.0,159.0
60.010013,13,75.0,193.0,157.0
60.010013,41,328.0,337.0,310.0
60.010013,23,437.0,283.0,190.0
60.010013,24,417.0,373.0,148.0
60.010013,10,309.0,57.0,90.0
60.010013,14,51.0,283.0,175.0
60.010013,43,261.0,283.0,156.0
60.010013,11,208.0,77.0,111.0
60.010013,43,261.0,282.0,1.0
60.144485,10,311.0,57.0,89.0
60.144485,21,323.0,167.0,258.0
60.144485,9,418.0,83.0,63.0
60.144485,4,449.0,509.0,302.0
60.144485,9,418.0,83.0,63.0
60.144485,6,554.0,335.0,350.0
60.144485,6,554.0,336.0,351.0
60.144485,26,274.0,437.0,79.0
60.144485,13,78.0,188.0,152.0
60.144485,42,333.0,270.0,41.0
60.144485,2,250.0,547.0,259.0
60.144485,27,204.0,403.0,44.0
60.296985,43,263.0,279.0,149.0
60.296985,27,205.0,404.0,45.0
60.296985,12,132.0,123.0,130.0
60.296985,2,248.0,547.0,260.0
60.296985,43,264.0,277.0,146.0
60.296985,2,247.0,547.0,259.0
60.296985,3,362.0,544.0,284.0
60.296985,12,133.0,122.0,128.0
60.296985,28,167.0,328.0,9.0
60.296985,25,362.0,424.0,118.0
60.296985,3,361.0,545.0,286.0
60.296985,25,363.0,424.0,117.0
60.447492,26,279.0,438.0,83.0
60.447492,28,167.0,329.0,9.0
60.447492,16,103.0,467.0,217.0
60.447492,2,244.0,546.0,258.0
60.447492,3,359.0,545.0,284.0
60.447492,12,136.0,119.0,129.0
60.447492,43,266.0,274.0,135.0
60.447492,7,545.0,239.0,18.0
60.447492,28,168.0,332.0,9.0
60.447492,4,440.0,515.0,300.0
60.566400,1,150.0,500.0,233.0
60.566400,14,52.0,270.0,172.0
60.566400,3,356.0,546.0,283.0
60.566400,23,434.0,269.0,194.0
60.566400,6,553.0,347.0,351.0
60.566400,27,211.0,410.0,49.0
60.566400,23,434.0,268.0,196.0
60.566400,4,437.0,516.0,301.0
60.566400,14,52.0,267.0,172.0
60.566400,2,238.0,545.0,254.0
60.566400,24,425.0,359.0,154.0
60.566400,29,181.0,252.0,335.0
60.701611,14,53.0,266.0,172.0
60.701611,6,552.0,349.0,350.0
60.701611,4,435.0,518.0,304.0
60.701611,41,311.0,345.0,284.0
60.701611,6,552.0,351.0,350.0
60.701611,9,432.0,91.0,58.0
60.701611,4,434.0,518.0,303.0
60.701611,30,245.0,191.0,298.0
60.701611,43,272.0,269.0,129.0
60.701611,43,272.0,268.0,130.0
60.701611,28,169.0,340.0,13.0
60.701611,43,273.0,268.0,131.0
60.852305,41,308.0,345.0,278.0
60.852305,43,273.0,268.0,125.0
60.852305,29,179.0,257.0,336.0
60.852305,28,170.0,341.0,16.0
60.852305,13,87.0,172.0,146.0
60.852305,28,170.0,342.0,16.0
60.852305,1,141.0,493.0,231.0
60.852305,11,230.0,69.0,107.0
60.852305,1,141.0,493.0,233.0
60.852305,5,509.0,453.0,321.0
60.852305,21,301.0,165.0,267.0
60.852305,28,170.0,344.0,18.0
60.987047,4,429.0,522.0,298.0
60.987047,23,430.0,257.0,202.0
60.987047,43,276.0,265.0,114.0
60.987047,1,139.0,491.0,237.0
60.987047,3,343.0,548.0,279.0
60.987047,1,139.0,491.0,232.0
60.987047,29,176.0,262.0,336.0
60.987047,22,379.0,190.0,237.0
60.987047,1,138.0,490.0,231.0
60.987047,1,137.0,490.0,230.0
60.987047,29,176.0,263.0,338.0
60.987047,16,93.0,452.0,209.0
61.136433,24,430.0,346.0,161.0
61.136433,5,505.0,457.0,321.0
61.136433,2,225.0,541.0,252.0
61.136433,24,430.0,346.0,162.0
61.136433,21,294.0,165.0,273.0
61.136433,22,376.0,188.0,240.0
61.136433,23,429.0,252.0,202.0
61.136433,43,280.0,264.0,108.0
61.136433,29,175.0,266.0,341.0
61.136433,15,56.0,354.0,193.0
61.136433,21,292.0,165.0,274.0
61.136433,14,56.0,250.0,167.0
61.270857,30,233.0,198.0,302.0
61.270857,15,55.0,353.0,191.0
61.270857,1,133.0,487.0,226.0
61.270857,27,227.0,421.0,60.0
61.270857,4,420.0,526.0,297.0
61.431284,1,130.0,484.0,224.0
61.431284,41,289.0,345.0,254.0
61.431284,10,348.0,62.0,80.0
61.431284,6,548.0,371.0,347.0
61.431284,11,244.0,65.0,102.0
61.431284,4,416.0,529.0,295.0
61.431284,5,498.0,465.0,323.0
61.431284,14,58.0,243.0,162.0
61.431284,42,345.0,303.0,356.0
61.431284,6,548.0,373.0,347.0
61.431284,26,312.0,439.0,96.0
61.431284,6,548.0,374.0,347.0
61.590724,3,327.0,550.0,276.0
61.590724,10,352.0,62.0,78.0
61.590724,1,127.0,480.0,224.0
61.590724,10,353.0,63.0,78.0
61.590724,43,292.0,259.0,102.0
61.590724,22,365.0,182.0,243.0
61.590724,8,520.0,181.0,33.0
61.590724,10,354.0,63.0,80.0
61.590724,21,280.0,166.0,276.0
61.590724,28,176.0,363.0,24.0
61.590724,30,223.0,205.0,310.0
61.590724,5,494.0,470.0,317.0
61.724035,21,278.0,166.0,277.0
61.724035,30,222.0,206.0,308.0
61.724035,41,280.0,342.0,247.0
61.724035,26,318.0,438.0,96.0
61.724035,6,547.0,379.0,341.0
61.724035,24,434.0,328.0,168.0
61.724035,41,279.0,342.0,247.0
61.724035,26,319.0,438.0,98.0
61.724035,41,278.0,341.0,246.0
61.724035,26,320.0,438.0,101.0
61.724035,4,406.0,533.0,292.0
61.724035,15,53.0,337.0,189.0
61.874883,5,491.0,473.0,319.0
61.874883,28,179.0,368.0,29.0
61.874883,42,343.0,313.0,338.0
61.874883,5,491.0,474.0,318.0
61.874883,23,420.0,234.0,212.0
61.874883,24,435.0,325.0,170.0
61.874883,42,343.0,314.0,339.0
61.874883,41,275.0,340.0,239.0
61.874883,26,323.0,438.0,99.0
61.874883,43,301.0,258.0,85.0
61.874883,15,52.0,333.0,183.0
61.874883,43,302.0,258.0,85.0
62.009322,2,201.0,533.0,245.0
62.009322,43,303.0,258.0,84.0
62.009322,14,62.0,228.0,163.0
62.009322,43,303.0,258.0,83.0
62.009322,2,200.0,533.0,245.0
62.009322,3,313.0,551.0,275.0
62.009322,28,181.0,373.0,29.0
62.009322,2,199.0,532.0,243.0
62.009322,24,436.0,320.0,174.0
62.009322,8,527.0,192.0,28.0
62.009322,6,544.0,389.0,341.0
62.009322,27,249.0,431.0,68.0
62.160671,2,198.0,531.0,242.0
62.160671,28,183.0,376.0,32.0
62.160671,4,397.0,537.0,290.0
62.160671,3,310.0,551.0,274.0
62.160671,25,403.0,394.0,137.0
62.160671,28,183.0,377.0,33.0
62.160671,24,436.0,316.0,173.0
62.160671,1,114.0,467.0,224.0
62.160671,24,436.0,315.0,174.0
62.160671,3,308.0,551.0,271.0
62.160671,8,529.0,196.0,26.0
62.160671,16,78.0,422.0,209.0
62.297097,16,78.0,422.0,209.0
62.297097,27,253.0,433.0,69.0
62.297097,26,334.0,435.0,106.0
62.297097,5,483.0,483.0,314.0
62.297097,8,530.0,197.0,25.0
62.297097,30,209.0,217.0,320.0
62.297097,14,64.0,219.0,163.0
62.297097,14,64.0,219.0,163.0
62.297097,27,256.0,434.0,70.0
62.297097,41,265.0,331.0,224.0
62.297097,4,391.0,538.0,285.0
62.297097,3,303.0,551.0,273.0
62.431210,2,190.0,528.0,240.0
62.431210,41,264.0,330.0,221.0
62.431210,28,187.0,383.0,38.0
62.431210,2,190.0,528.0,240.0
62.431210,28,187.0,383.0,37.0
62.431210,14,66.0,216.0,162.0
62.431210,10,378.0,69.0,72.0
62.431210,10,378.0,69.0,74.0
62.431210,5,478.0,487.0,315.0
62.431210,4,388.0,539.0,285.0
62.431210,24,437.0,307.0,180.0
62.431210,1,108.0,461.0,221.0
62.582391,5,477.0,488.0,314.0
62.582391,28,189.0,385.0,40.0
62.582391,43,317.0,262.0,63.0
62.582391,26,341.0,433.0,108.0
62.582391,3,297.0,552.0,273.0
62.582391,9,475.0,124.0,47.0
62.582391,3,296.0,552.0,269.0
62.582391,6,538.0,403.0,338.0
62.582391,3,296.0,552.0,270.0
62.582391,42,331.0,332.0,316.0
62.582391,5,475.0,490.0,312.0
62.582391,3,295.0,552.0,270.0
62.718621,43,320.0,263.0,59.0
62.718621,7,555.0,301.0,3.0
62.718621,41,260.0,324.0,206.0
62.718621,22,335.0,170.0,253.0
62.718621,42,330.0,334.0,312.0
62.718621,42,329.0,334.0,313.0
62.718621,42,329.0,334.0,312.0
62.718621,42,329.0,335.0,310.0
62.718621,2,180.0,522.0,238.0
62.718621,4,379.0,542.0,287.0
62.718621,3,291.0,552.0,269.0
62.718621,43,323.0,265.0,55.0
62.856648,42,328.0,336.0,310.0
62.856648,21,246.0,175.0,292.0
62.856648,42,327.0,336.0,310.0
62.856648,29,166.0,314.0,0.0
62.856648,4,377.0,543.0,287.0
62.856648,7,556.0,306.0,3.0
62.856648,6,535.0,410.0,335.0
62.856648,8,536.0,213.0,20.0
62.856648,2,177.0,520.0,238.0
62.856648,28,196.0,394.0,44.0
62.856648,14,71.0,202.0,158.0
62.856648,42,325.0,338.0,305.0
62.856648,15,51.0,304.0,179.0
63.020712,16,69.0,403.0,204.0
63.020712,9,483.0,132.0,44.0
63.020712,4,374.0,544.0,284.0
63.020712,43,327.0,269.0,47.0
63.020712,26,354.0,429.0,112.0
63.020712,3,285.0,551.0,267.0
63.020712,43,328.0,269.0,46.0
63.020712,43,328.0,269.0,46.0
63.020712,8,538.0,218.0,21.0
63.020712,25,418.0,372.0,147.0
63.020712,2,173.0,518.0,239.0
63.020712,25,419.0,371.0,145.0
63.155577,2,172.0,518.0,237.0
63.155577,5,465.0,499.0,305.0
63.155577,2,171.0,517.0,238.0
63.155577,25,419.0,371.0,147.0
63.155577,3,281.0,551.0,267.0
63.155577,26,358.0,427.0,117.0
63.155577,3,280.0,551.0,265.0
63.155577,28,202.0,400.0,44.0
63.155577,2,170.0,516.0,238.0
63.155577,11,295.0,59.0,93.0
63.275274,23,395.0,202.0,227.0
63.275274,11,296.0,59.0,93.0
63.275274,27,282.0,440.0,83.0
63.275274,1,95.0,443.0,215.0
63.275274,16,67.0,395.0,200.0
63.275274,6,530.0,421.0,334.0
63.275274,7,556.0,318.0,0.0
63.275274,14,75.0,193.0,151.0
63.275274,16,66.0,393.0,199.0
63.275274,14,76.0,192.0,151.0
63.275274,42,315.0,343.0,290.0
63.275274,10,401.0,79.0,66.0
63.426454,12,207.0,76.0,112.0
63.426454,7,556.0,321.0,359.0
63.426454,14,76.0,191.0,151.0
63.426454,7,556.0,322.0,359.0
63.426454,9,492.0,141.0,43.0
63.426454,4,361.0,547.0,282.0
63.426454,23,391.0,198.0,232.0
63.426454,22,313.0,166.0,267.0
63.426454,27,288.0,440.0,84.0
63.426454,1,91.0,438.0,212.0
63.426454,24,434.0,278.0,192.0
63.426454,43,335.0,278.0,27.0
63.562050,43,335.0,278.0,27.0
63.562050,8,542.0,230.0,18.0
63.562050,3,270.0,550.0,262.0
63.562050,24,434.0,277.0,194.0
63.562050,43,336.0,280.0,25.0
63.562050,26,368.0,422.0,117.0
63.562050,15,52.0,285.0,179.0
63.562050,1,90.0,436.0,213.0
63.562050,5,453.0,507.0,303.0
63.562050,3,267.0,550.0,264.0
63.562050,9,496.0,146.0,40.0
63.562050,43,337.0,282.0,23.0
63.562050,29,168.0,336.0,12.0
63.711954,14,80.0,184.0,150.0
63.711954,29,168.0,337.0,13.0
63.711954,24,433.0,273.0,194.0
63.711954,42,306.0,345.0,274.0
63.711954,8,544.0,236.0,18.0
63.711954,8,544.0,236.0,19.0
63.711954,22,305.0,165.0,269.0
63.711954,43,339.0,286.0,24.0
63.711954,8,545.0,237.0,19.0
63.711954,5,449.0,510.0,300.0
63.711954,4,351.0,549.0,284.0
63.711954,4,351.0,549.0,282.0
63.847580,9,499.0,150.0,38.0
63.847580,42,302.0,345.0,271.0
63.847580,16,62.0,380.0,194.0
63.847580,3,261.0,549.0,261.0
63.847580,1,86.0,430.0,212.0
63.847580,29,169.0,342.0,15.0
63.847580,24,431.0,267.0,195.0
63.847580,29,169.0,342.0,14.0
63.847580,16,61.0,378.0,193.0
63.847580,2,152.0,505.0,234.0
63.847580,16,61.0,377.0,193.0
63.847580,5,445.0,512.0,304.0
63.998106,43,341.0,290.0,17.0
63.998106,15,53.0,275.0,173.0
63.998106,13,148.0,106.0,127.0
63.998106,15,53.0,274.0,176.0
63.998106,28,219.0,415.0,56.0
63.998106,16,61.0,374.0,194.0
63.998106,15,53.0,273.0,173.0
63.998106,43,341.0,291.0,14.0
63.998106,15,54.0,272.0,173.0
63.998106,16,60.0,373.0,194.0
63.998106,3,255.0,547.0,259.0
63.998106,30,180.0,258.0,338.0
64.131820,16,60.0,372.0,192.0
64.131820,43,341.0,293.0,8.0
64.131820,12,228.0,70.0,106.0
64.131820,2,148.0,502.0,231.0
64.131820,28,222.0,417.0,57.0
64.131820,21,214.0,195.0,310.0
64.131820,11,322.0,60.0,86.0
64.131820,5,439.0,516.0,298.0
64.131820,28,223.0,418.0,58.0
64.131820,5,438.0,516.0,300.0
64.131820,41,257.0,281.0,155.0
64.131820,43,341.0,295.0,1.0
64.131820,1,80.0,421.0,2.0
64.268718,43,341.0,297.0,1.0
64.268718,2,145.0,499.0,229.0
64.268718,3,249.0,546.0,259.0
64.268718,43,341.0,297.0,0.0
64.268718,29,172.0,353.0,21.0
64.268718,30,178.0,264.0,340.0
64.268718,4,336.0,552.0,276.0
64.268718,7,554.0,348.0,351.0
64.268718,2,143.0,498.0,229.0
64.268718,2,143.0,498.0,229.0
64.268718,1,79.0,417.0,203.0
64.268718,2,142.0,497.0,229.0
64.417010,28,228.0,421.0,61.0
64.417010,1,78.0,416.0,203.0
64.417010,2,141.0,496.0,230.0
64.417010,2,141.0,496.0,229.0
64.417010,6,514.0,449.0,323.0
64.417010,26,389.0,408.0,130.0
64.417010,8,550.0,255.0,12.0
64.417010,2,140.0,495.0,231.0
64.417010,3,243.0,545.0,258.0
64.417010,21,207.0,201.0,311.0
64.417010,43,342.0,304.0,359.0
64.417010,15,55.0,259.0,169.0
64.567611,14,93.0,163.0,146.0
64.567611,4,329.0,553.0,276.0
64.567611,25,434.0,333.0,167.0
64.567611,43,342.0,306.0,354.0
64.567611,23,363.0,180.0,243.0
64.567611,2,137.0,493.0,232.0
64.567611,21,204.0,203.0,313.0
64.567611,4,327.0,553.0,276.0
64.567611,21,204.0,204.0,312.0
64.567611,22,280.0,166.0,277.0
64.567611,2,135.0,492.0,231.0
64.567611,42,278.0,341.0,242.0
64.703150,26,393.0,404.0,133.0
64.703150,15,56.0,255.0,167.0
64.703150,6,509.0,455.0,322.0
64.703150,43,342.0,309.0,344.0
64.703150,30,174.0,275.0,345.0
64.703150,5,425.0,523.0,297.0
64.703150,43,341.0,310.0,343.0
64.703150,2,133.0,490.0,229.0
64.703150,5,424.0,524.0,298.0
64.703150,30,174.0,276.0,343.0
64.703150,30,173.0,277.0,343.0
64.703150,29,178.0,367.0,26.0
64.857856,1,73.0,405.0,205.0
64.857856,42,274.0,339.0,234.0
64.857856,4,321.0,553.0,275.0
64.857856,25,435.0,325.0,171.0
64.857856,5,422.0,525.0,297.0
64.857856,4,320.0,553.0,272.0
64.857856,43,340.0,314.0,342.0
64.857856,7,551.0,363.0,350.0
64.857856,6,506.0,460.0,317.0
64.857856,9,517.0,176.0,32.0
64.857856,25,436.0,323.0,173.0
64.857856,23,354.0,175.0,248.0
64.989487,22,270.0,168.0,282.0
64.989487,29,180.0,371.0,30.0
64.989487,26,400.0,398.0,137.0
64.989487,3,229.0,541.0,253.0
64.989487,5,418.0,527.0,297.0
64.989487,5,417.0,527.0,296.0
64.989487,16,55.0,347.0,188.0
64.989487,43,338.0,318.0,340.0
64.989487,43,338.0,318.0,340.0
64.989487,5,416.0,528.0,296.0
64.989487,16,55.0,345.0,190.0
64.989487,5,415.0,528.0,296.0
65.140054,5,415.0,528.0,297.0
65.140054,26,402.0,395.0,139.0
65.140054,3,225.0,540.0,255.0
65.140054,41,274.0,261.0,123.0
65.140054,3,225.0,540.0,254.0
65.140054,43,337.0,322.0,337.0
65.140054,29,183.0,376.0,30.0
65.140054,5,413.0,529.0,296.0
65.140054,30,170.0,288.0,349.0
65.140054,22,263.0,170.0,288.0
65.140054,42,266.0,331.0,221.0
65.140054,15,60.0,239.0,164.0
65.274075,2,123.0,481.0,222.0
65.274075,5,411.0,530.0,295.0
65.274075,4,308.0,554.0,271.0
65.274075,43,336.0,325.0,328.0
65.274075,14,106.0,145.0,137.0
65.274075,5,410.0,531.0,295.0
65.274075,7,548.0,375.0,345.0
65.274075,28,253.0,433.0,73.0
65.274075,27,341.0,434.0,103.0
65.274075,7,548.0,376.0,347.0
65.274075,22,259.0,171.0,287.0
65.274075,10,451.0,108.0,52.0
65.425963,43,335.0,326.0,325.0
65.425963,1,66.0,390.0,201.0
65.425963,41,282.0,257.0,112.0
65.425963,14,109.0,142.0,138.0
65.425963,41,282.0,256.0,110.0
65.425963,11,358.0,66.0,78.0
65.425963,24,413.0,226.0,214.0
65.425963,43,333.0,328.0,320.0
65.425963,5,406.0,533.0,291.0
65.425963,27,345.0,433.0,108.0
65.425963,1,65.0,387.0,199.0
65.425963,21,188.0,223.0,326.0
65.547839,3,214.0,537.0,253.0
65.547839,5,404.0,533.0,292.0
65.547839,16,53.0,332.0,187.0
65.547839,24,411.0,224.0,216.0
65.547839,13,188.0,83.0,115.0
65.547839,7,546.0,383.0,344.0
65.547839,6,493.0,475.0,313.0
65.547839,29,190.0,387.0,38.0
65.547839,43,330.0,331.0,319.0
65.547839,21,186.0,226.0,328.0
65.547839,3,211.0,535.0,252.0
65.547839,2,115.0,472.0,219.0
65.710571,24,409.0,221.0,217.0
65.710571,27,351.0,431.0,111.0
65.710571,43,329.0,333.0,314.0
65.710571,12,272.0,61.0,96.0
65.710571,29,191.0,389.0,38.0
65.710571,28,264.0,436.0,78.0
65.710571,30,168.0,303.0,357.0
65.710571,43,327.0,334.0,313.0
65.710571,43,327.0,334.0,313.0
65.710571,43,327.0,334.0,313.0
65.710571,2,112.0,469.0,220.0
65.710571,43,326.0,335.0,3.0
65.833390,28,266.0,437.0,78.0
65.833390,16,53.0,324.0,183.0
65.833390,29,194.0,392.0,39.0
65.833390,28,267.0,437.0,79.0
65.833390,28,267.0,437.0,78.0
65.833390,24,406.0,217.0,220.0
65.833390,13,196.0,79.0,115.0
65.833390,8,556.0,296.0,5.0
65.833390,12,278.0,60.0,94.0
65.833390,21,182.0,233.0,329.0
65.833390,22,244.0,177.0,295.0
65.833390,43,324.0,336.0,299.0
65.995656,43,324.0,337.0,297.0
65.995656,12,280.0,60.0,96.0
65.995656,43,324.0,337.0,297.0
65.995656,16,53.0,319.0,183.0
65.995656,6,484.0,483.0,312.0
65.995656,5,391.0,538.0,291.0
65.995656,11,375.0,70.0,73.0
65.995656,42,256.0,311.0,193.0
65.995656,6,483.0,484.0,311.0
65.995656,42,255.0,310.0,189.0
65.995656,29,198.0,397.0,43.0
65.995656,5,389.0,539.0,291.0
66.130070,13,202.0,77.0,114.0
66.130070,42,255.0,309.0,188.0
66.130070,43,320.0,338.0,295.0
66.130070,29,199.0,398.0,43.0
66.130070,23,320.0,165.0,262.0
66.130070,4,282.0,553.0,269.0
66.130070,9,533.0,207.0,18.0
66.130070,4,281.0,553.0,269.0
66.130070,7,541.0,399.0,342.0
66.130070,7,541.0,399.0,340.0
66.130070,43,318.0,339.0,292.0
66.130070,25,436.0,285.0,188.0
66.281942,3,195.0,529.0,245.0
66.281942,3,195.0,529.0,245.0
66.281942,43,317.0,340.0,292.0
66.281942,9,534.0,210.0,18.0
66.281942,43,315.0,340.0,294.0
66.281942,1,58.0,366.0,195.0
66.281942,6,478.0,489.0,309.0
66.281942,21,177.0,243.0,336.0
66.281942,43,315.0,341.0,292.0
66.281942,5,382.0,541.0,283.0
66.281942,43,313.0,341.0,292.0
66.281942,9,535.0,213.0,17.0
66.417123,5,381.0,541.0,287.0
66.417123,1,57.0,363.0,192.0
66.417123,27,370.0,423.0,121.0
66.563311,43,309.0,343.0,280.0
66.563311,3,187.0,525.0,244.0
66.563311,30,168.0,327.0,6.0
66.563311,9,537.0,219.0,21.0
66.563311,29,208.0,407.0,51.0
66.563311,6,471.0,495.0,306.0
66.563311,10,478.0,131.0,50.0
66.563311,10,478.0,131.0,50.0
66.563311,6,470.0,495.0,305.0
66.563311,30,169.0,329.0,8.0
66.563311,10,479.0,132.0,48.0
66.563311,4,267.0,552.0,264.0
66.720783,15,74.0,200.0,157.0
66.720783,16,53.0,299.0,183.0
66.720783,21,172.0,254.0,340.0
66.720783,7,535.0,413.0,338.0
66.720783,43,305.0,342.0,273.0
66.720783,27,378.0,417.0,119.0
66.720783,9,539.0,224.0,23.0
66.720783,11,394.0,77.0,65.0
66.720783,43,304.0,342.0,270.0
66.720783,21,172.0,255.0,341.0
66.720783,27,379.0,416.0,122.0
66.720783,7,534.0,415.0,336.0
66.854737,29,214.0,412.0,53.0
66.854737,7,534.0,416.0,337.0
66.854737,24,386.0,197.0,231.0
66.854737,21,171.0,257.0,341.0
66.854737,26,428.0,352.0,160.0
66.854737,6,464.0,500.0,307.0
66.854737,7,533.0,417.0,335.0
66.854737,22,219.0,192.0,307.0
66.854737,29,216.0,413.0,54.0
66.854737,12,308.0,59.0,90.0
66.854737,27,382.0,414.0,126.0
66.854737,3,177.0,519.0,239.0
67.006112,5,365.0,546.0,283.0
67.006112,16,54.0,291.0,176.0
67.006112,4,258.0,550.0,261.0
67.006112,4,257.0,550.0,262.0
67.006112,3,175.0,519.0,240.0
67.006112,15,78.0,191.0,151.0
67.006112,22,216.0,194.0,307.0
67.006112,30,170.0,341.0,15.0
67.006112,4,256.0,550.0,264.0
67.006112,27,386.0,412.0,126.0
67.006112,43,293.0,343.0,264.0
67.006112,5,361.0,547.0,283.0
67.142398,7,530.0,423.0,334.0
67.142398,6,459.0,504.0,303.0
67.142398,43,292.0,343.0,264.0
67.142398,4,253.0,550.0,264.0
67.142398,27,388.0,410.0,123.0
67.142398,30,171.0,344.0,16.0
67.142398,2,87.0,438.0,212.0
67.142398,25,429.0,259.0,199.0
67.142398,3,171.0,516.0,239.0
67.142398,43,290.0,343.0,256.0
67.142398,7,529.0,427.0,330.0
67.142398,4,251.0,549.0,261.0
67.292409,4,250.0,549.0,259.0
67.292409,25,429.0,257.0,200.0
67.292409,25,429.0,256.0,200.0
67.292409,4,249.0,549.0,259.0
67.292409,28,309.0,441.0,96.0
67.292409,5,355.0,548.0,279.0
67.292409,7,528.0,429.0,330.0
67.292409,21,167.0,271.0,347.0
67.292409,43,287.0,342.0,248.0
67.292409,25,428.0,254.0,201.0
67.292409,22,209.0,200.0,311.0
67.292409,5,353.0,548.0,279.0
67.428003,16,55.0,278.0,177.0
67.428003,3,166.0,512.0,239.0
67.428003,27,394.0,406.0,133.0
67.428003,10,494.0,148.0,39.0
67.428003,11,412.0,85.0,67.0
67.428003,43,285.0,341.0,245.0
67.428003,27,395.0,405.0,133.0
67.428003,1,51.0,333.0,189.0
67.428003,27,395.0,404.0,131.0
67.428003,4,243.0,548.0,257.0
67.428003,5,349.0,549.0,281.0
67.428003,23,279.0,166.0,282.0
67.578727,43,282.0,340.0,245.0
67.578727,42,267.0,270.0,137.0
67.578727,27,397.0,403.0,134.0
67.578727,43,281.0,340.0,246.0
67.578727,43,280.0,339.0,243.0
67.578727,43,280.0,339.0,243.0
67.578727,6,447.0,512.0,304.0
67.578727,5,346.0,549.0,280.0
67.578727,22,203.0,206.0,319.0
67.578727,30,175.0,356.0,23.0
67.578727,41,339.0,275.0,29.0
67.578727,42,269.0,267.0,131.0
67.713960,43,279.0,339.0,240.0
67.713960,43,278.0,338.0,237.0
67.713960,21,165.0,281.0,351.0
67.713960,21,165.0,281.0,353.0
67.713960,22,201.0,208.0,317.0
67.713960,42,271.0,266.0,131.0
67.713960,30,176.0,359.0,25.0
67.713960,22,201.0,209.0,317.0
67.713960,30,176.0,360.0,24.0
67.713960,11,421.0,90.0,63.0
67.713960,29,237.0,427.0,63.0
67.713960,5,340.0,550.0,279.0
67.863617,43,276.0,337.0,233.0
67.863617,26,436.0,326.0,171.0
67.863617,4,234.0,545.0,253.0
67.863617,30,177.0,362.0,25.0
67.863617,43,275.0,336.0,228.0
67.863617,7,519.0,442.0,324.0
67.863617,26,436.0,324.0,171.0
67.863617,9,549.0,255.0,14.0
67.863617,43,274.0,336.0,226.0
67.863617,26,436.0,323.0,171.0
67.863617,26,436.0,323.0,171.0
67.863617,41,342.0,283.0,2.0
68.001110,14,165.0,95.0,117.0
68.001110,5,336.0,551.0,277.0
68.001110,3,152.0,503.0,235.0
68.001110,10,503.0,161.0,36.0
68.001110,22,196.0,213.0,321.0
68.001110,26,437.0,321.0,174.0
68.001110,6,437.0,519.0,297.0
68.001110,6,436.0,519.0,299.0
68.001110,9,550.0,259.0,11.0
68.001110,9,550.0,259.0,10.0
68.001110,28,331.0,438.0,104.0
68.001110,43,271.0,332.0,226.0
68.150604,5,332.0,551.0,279.0
68.150604,28,332.0,438.0,102.0
68.150604,43,269.0,330.0,227.0
68.150604,5,331.0,551.0,276.0
68.150604,27,408.0,390.0,138.0
68.150604,11,430.0,95.0,61.0
68.150604,30,181.0,371.0,26.0
68.150604,6,433.0,521.0,298.0
68.150604,5,329.0,552.0,279.0
68.150604,30,182.0,372.0,27.0
68.150604,29,248.0,432.0,69.0
68.150604,23,259.0,171.0,289.0
68.287189,43,267.0,328.0,226.0
68.287189,43,266.0,328.0,225.0
68.287189,26,437.0,314.0,180.0
68.287189,7,513.0,452.0,325.0
68.287189,43,266.0,327.0,225.0
68.287189,25,415.0,230.0,213.0
68.287189,41,345.0,293.0,6.0
68.287189,43,265.0,327.0,223.0
68.287189,24,348.0,176.0,249.0
68.287189,22,190.0,222.0,325.0
68.287189,41,345.0,295.0,1.0
68.287189,22,190.0,222.0,32.0
68.420448,43,264.0,325.0,220.0
68.420448,26,437.0,310.0,179.0
68.420448,43,264.0,325.0,217.0
68.420448,23,253.0,173.0,292.0
68.420448,22,188.0,224.0,326.0
68.420448,6,426.0,524.0,292.0
68.420448,1,50.0,304.0,180.0
68.420448,7,509.0,456.0,324.0
68.420448,29,256.0,435.0,72.0
68.420448,43,262.0,323.0,210.0
68.420448,6,425.0,525.0,293.0
68.420448,16,60.0,246.0,1.0
68.558135,1,50.0,302.0,181.0
68.558135,4,214.0,539.0,249.0
68.558135,41,345.0,300.0,356.0
68.558135,43,262.0,323.0,209.0
68.558135,12,355.0,65.0,80.0
68.558135,30,187.0,380.0,37.0
68.558135,7,507.0,459.0,323.0
68.558135,43,261.0,322.0,203.0
68.558135,9,553.0,276.0,10.0
68.558135,9,553.0,276.0,9.0
68.558135,4,211.0,538.0,250.0
68.558135,42,294.0,256.0,94.0
68.706058,21,164.0,309.0,2.0
68.706058,43,260.0,319.0,200.0
68.706058,24,339.0,173.0,254.0
68.706058,13,275.0,58.0,96.0
68.706058,25,408.0,220.0,218.0
68.706058,11,444.0,105.0,52.0
68.706058,26,437.0,300.0,181.0
68.706058,2,66.0,397.0,199.0
68.706058,6,418.0,528.0,292.0
68.706058,22,183.0,232.0,330.0
68.706058,7,504.0,464.0,320.0
68.706058,2,66.0,396.0,199.0
68.858598,16,62.0,238.0,167.0
68.858598,25,406.0,218.0,220.0
68.858598,2,65.0,395.0,200.0
68.858598,10,517.0,182.0,32.0
68.858598,1,50.0,293.0,178.0
68.858598,6,415.0,530.0,291.0
68.858598,6,415.0,530.0,291.0
68.858598,3,131.0,487.0,228.0
68.858598,30,192.0,388.0,41.0
68.858598,10,518.0,183.0,32.0
68.858598,6,413.0,530.0,291.0
68.858598,43,258.0,312.0,196.0
68.994820,30,193.0,389.0,40.0
68.994820,5,307.0,553.0,273.0
68.994820,28,356.0,430.0,115.0
68.994820,29,270.0,439.0,77.0
68.994820,16,63.0,233.0,163.0
68.994820,5,306.0,553.0,269.0
68.994820,3,129.0,484.0,228.0
68.994820,3,128.0,484.0,228.0
68.994820,5,304.0,553.0,271.0
68.994820,43,257.0,310.0,188.0
68.994820,8,546.0,391.0,341.0
68.994820,2,63.0,389.0,198.0
69.132958,12,369.0,68.0,77.0
69.132958,21,166.0,321.0,9.0
69.132958,30,196.0,392.0,42.0
69.132958,3,126.0,482.0,226.0
69.132958,4,198.0,532.0,245.0
69.132958,12,371.0,69.0,74.0
69.132958,7,497.0,472.0,317.0
69.132958,24,325.0,169.0,260.0
69.132958,22,178.0,242.0,337.0
69.132958,24,324.0,169.0,260.0
69.132958,23,232.0,183.0,302.0
69.132958,7,496.0,473.0,316.0
69.280744,21,166.0,325.0,12.0
69.280744,12,374.0,69.0,72.0
69.280744,12,374.0,69.0,73.0
69.280744,10,523.0,192.0,28.0
69.280744,43,257.0,305.0,177.0
69.280744,5,297.0,553.0,269.0
69.280744,7,494.0,475.0,316.0
69.280744,43,257.0,303.0,180.0
69.280744,43,257.0,303.0,175.0
69.280744,13,293.0,57.0,89.0
69.280744,8,544.0,399.0,339.0
69.280744,3,122.0,478.0,227.0
69.280744,14,203.0,77.0,117.0
69.416076,15,117.0,136.0,129.0
69.416076,22,175.0,248.0,338.0
69.416076,10,524.0,195.0,25.0
69.416076,16,67.0,222.0,164.0
69.416076,14,205.0,76.0,117.0
69.416076,22,175.0,249.0,338.0
69.416076,30,202.0,400.0,43.0
69.416076,43,257.0,300.0,174.0
69.416076,7,491.0,479.0,316.0
69.416076,11,461.0,118.0,51.0
69.416076,10,526.0,198.0,27.0
69.416076,4,188.0,528.0,245.0
69.565324,3,118.0,474.0,226.0
69.565324,7,490.0,479.0,309.0
69.565324,27,430.0,356.0,162.0
69.565324,6,397.0,539.0,298.0
69.565324,3,117.0,473.0,225.0
69.565324,15,122.0,132.0,129.0
69.565324,21,168.0,335.0,14.0
69.565324,1,50.0,271.0,171.0
69.565324,22,173.0,254.0,341.0
69.565324,4,185.0,526.0,244.0
69.565324,7,488.0,481.0,308.0
69.565324,3,116.0,472.0,224.0
69.716719,21,169.0,337.0,14.0
69.716719,43,258.0,294.0,160.0
69.716719,28,374.0,420.0,121.0
69.716719,41,332.0,333.0,317.0
69.716719,26,433.0,271.0,191.0
69.716719,42,323.0,263.0,53.0
69.716719,43,258.0,293.0,156.0
69.716719,7,486.0,483.0,305.0
69.716719,4,181.0,524.0,242.0
69.716719,7,485.0,483.0,306.0
69.716719,4,181.0,524.0,242.0
69.850234,16,70.0,211.0,163.0
69.850234,28,377.0,418.0,119.0
69.850234,6,388.0,542.0,285.0
69.850234,27,432.0,347.0,166.0
69.850234,22,171.0,260.0,342.0
69.850234,23,216.0,194.0,312.0
69.850234,43,260.0,289.0,157.0
69.850234,43,260.0,288.0,157.0
69.850234,16,71.0,208.0,160.0
69.850234,7,482.0,486.0,313.0
69.850234,7,481.0,486.0,312.0
69.986766,43,260.0,287.0,157.0
69.986766,41,327.0,338.0,302.0
69.986766,43,260.0,287.0,158.0
69.986766,3,109.0,465.0,220.0
69.986766,9,557.0,314.0,359.0
69.986766,9,557.0,315.0,359.0
69.986766,7,479.0,488.0,314.0
69.986766,7,479.0,488.0,312.0
69.986766,24,300.0,167.0,270.0
69.986766,23,212.0,197.0,314.0
69.986766,29,301.0,442.0,93.0
69.986766,9,557.0,316.0,357.0
70.121644,1,53.0,257.0,166.0
70.121644,1,53.0,257.0,168.0
70.121644,21,173.0,349.0,20.0
70.121644,43,263.0,282.0,154.0
70.121644,30,217.0,413.0,52.0
70.121644,5,272.0,551.0,264.0
70.121644,11,475.0,131.0,47.0
70.121644,21,173.0,350.0,21.0
70.121644,26,429.0,258.0,200.0
70.121644,1,54.0,255.0,168.0
70.121644,7,475.0,492.0,311.0
70.121644,4,170.0,518.0,242.0
70.273376,11,477.0,132.0,46.0
70.273376,30,219.0,414.0,55.0
70.273376,4,169.0,517.0,242.0
70.273376,7,474.0,493.0,311.0
70.273376,7,473.0,493.0,311.0
70.273376,7,473.0,493.0,311.0
70.273376,43,265.0,278.0,139.0
70.273376,43,265.0,278.0,139.0
70.273376,21,175.0,355.0,23.0
70.273376,2,53.0,354.0,190.0
70.273376,21,175.0,355.0,24.0
70.273376,21,175.0,356.0,23.0
70.408300,5,266.0,551.0,261.0
70.408300,8,533.0,426.0,325.0
70.408300,6,369.0,547.0,276.0
70.408300,43,266.0,276.0,137.0
70.408300,21,176.0,357.0,23.0
70.408300,11,481.0,136.0,44.0
70.408300,4,164.0,515.0,242.0
70.408300,26,427.0,250.0,202.0
70.408300,1,55.0,247.0,166.0
70.408300,6,366.0,547.0,279.0
70.408300,3,101.0,453.0,218.0
70.408300,12,408.0,83.0,65.0
70.558080,6,365.0,547.0,277.0
70.558080,30,226.0,419.0,58.0
70.558080,9,556.0,330.0,4.0
70.558080,5,261.0,550.0,260.0
70.558080,21,178.0,361.0,25.0
70.558080,14,236.0,65.0,104.0
70.558080,7,467.0,499.0,308.0
70.558080,41,310.0,346.0,281.0
70.558080,4,160.0,512.0,238.0
70.558080,27,437.0,325.0,170.0
70.558080,5,259.0,549.0,260.0
70.558080,11,485.0,141.0,41.0
70.693852,5,258.0,549.0,258.0
70.693852,4,159.0,511.0,237.0
70.693852,43,271.0,271.0,134.0
70.693852,28,397.0,403.0,137.0
70.693852,7,464.0,501.0,311.0
70.693852,8,528.0,434.0,330.0
70.693852,13,334.0,59.0,83.0
70.693852,5,256.0,548.0,259.0
70.693852,5,256.0,548.0,260.0
70.693852,43,273.0,269.0,131.0
70.693852,3,96.0,447.0,215.0
70.693852,12,415.0,86.0,63.0
70.693852,12,415.0,86.0,62.0
70.831800,28,399.0,401.0,136.0
70.831800,8,526.0,436.0,325.0
70.831800,6,355.0,549.0,280.0
70.831800,4,155.0,509.0,235.0
70.831800,1,57.0,237.0,166.0
70.831800,11,489.0,146.0,42.0
70.831800,30,234.0,425.0,63.0
70.831800,29,324.0,440.0,100.0
70.831800,4,154.0,508.0,233.0
70.831800,23,195.0,215.0,326.0
70.831800,30,235.0,425.0,62.0
70.831800,4,153.0,507.0,233.0
70.979322,16,85.0,182.0,148.0
70.979322,27,438.0,316.0,171.0
70.979322,8,523.0,440.0,323.0
70.979322,27,438.0,315.0,173.0
70.979322,4,151.0,506.0,233.0
70.979322,21,183.0,372.0,30.0
70.979322,23,193.0,217.0,323.0
70.979322,27,438.0,314.0,173.0
70.979322,15,154.0,105.0,124.0
70.979322,6,349.0,551.0,274.0
70.979322,23,192.0,218.0,324.0
70.979322,24,270.0,171.0,28.0
71.115273,15,156.0,104.0,124.0
71.115273,8,521.0,443.0,324.0
71.115273,8,521.0,444.0,327.0
71.115273,4,148.0,504.0,233.0
71.115273,24,268.0,172.0,283.0
71.115273,4,147.0,503.0,230.0
71.115273,23,191.0,220.0,323.0
71.115273,8,520.0,445.0,328.0
71.115273,15,158.0,103.0,121.0
71.115273,6,344.0,551.0,276.0
71.115273,4,146.0,502.0,233.0
71.115273,41,290.0,346.0,2.0
71.264592,41,290.0,346.0,256.0
71.264592,11,496.0,154.0,41.0
71.264592,4,145.0,501.0,233.0
71.264592,16,90.0,174.0,146.0
71.264592,16,90.0,173.0,147.0
71.264592,7,450.0,511.0,305.0
71.264592,27,439.0,306.0,179.0
71.264592,4,144.0,500.0,237.0
71.264592,23,188.0,224.0,326.0
71.264592,16,91.0,172.0,149.0
71.264592,16,91.0,172.0,150.0
71.264592,4,143.0,499.0,23.0
71.402025,1,61.0,222.0,162.0
71.402025,4,142.0,499.0,233.0
71.402025,42,343.0,303.0,351.0
71.402025,43,288.0,262.0,104.0
71.402025,4,141.0,498.0,232.0
71.402025,14,261.0,60.0,99.0
71.402025,6,337.0,552.0,274.0
71.402025,25,345.0,175.0,254.0
71.402025,26,412.0,225.0,214.0
71.402025,15,165.0,98.0,120.0
71.402025,6,336.0,552.0,274.0
71.402025,1,63.0,219.0,158.0
71.549523,7,445.0,514.0,300.0
71.549523,5,233.0,544.0,256.0
71.676194,6,330.0,553.0,275.0
71.676194,43,294.0,261.0,93.0
71.676194,6,330.0,553.0,275.0
71.676194,42,341.0,312.0,348.0
71.676194,1,65.0,213.0,158.0
71.676194,29,348.0,434.0,111.0
71.676194,7,440.0,517.0,302.0
71.676194,5,228.0,542.0,255.0
71.676194,23,181.0,235.0,332.0
71.676194,23,181.0,235.0,331.0
71.676194,23,181.0,235.0,331.0
71.676194,9,553.0,365.0,350.0
71.819856,2,47.0,313.0,181.0
71.819856,15,173.0,93.0,122.0
71.819856,16,98.0,161.0,146.0
71.819856,6,325.0,554.0,275.0
71.819856,5,225.0,542.0,254.0
71.819856,6,325.0,554.0,273.0
71.819856,42,340.0,318.0,343.0
71.819856,6,324.0,554.0,273.0
71.819856,7,435.0,520.0,297.0
71.819856,14,274.0,59.0,96.0
71.819856,5,223.0,541.0,252.0
71.819856,4,130.0,489.0,226.0
71.969054,1,67.0,207.0,155.0
71.969054,43,303.0,261.0,87.0
71.969054,3,78.0,418.0,209.0
71.969054,43,304.0,261.0,87.0
71.969054,8,506.0,464.0,323.0
71.969054,43,304.0,261.0,86.0
71.969054,4,129.0,487.0,224.0
71.969054,6,320.0,554.0,272.0
71.969054,11,509.0,171.0,31.0
71.969054,11,510.0,172.0,32.0
71.969054,28,420.0,372.0,150.0
71.969054,28,421.0,372.0,153.0
72.119742,3,77.0,415.0,206.0
72.119742,27,437.0,283.0,188.0
72.119742,9,551.0,374.0,344.0
72.119742,7,429.0,523.0,297.0
72.119742,43,307.0,261.0,73.0
72.119742,43,307.0,261.0,73.0
72.119742,27,437.0,281.0,186.0
72.119742,8,503.0,468.0,320.0
72.119742,13,375.0,67.0,69.0
72.119742,7,428.0,524.0,296.0
72.119742,9,550.0,376.0,342.0
72.119742,5,215.0,538.0,254.0
72.254765,2,47.0,300.0,177.0
72.254765,4,124.0,483.0,228.0
72.254765,7,426.0,525.0,295.0
72.254765,6,313.0,554.0,270.0
72.254765,43,311.0,262.0,72.0
72.254765,6,313.0,554.0,269.0
72.254765,41,264.0,331.0,219.0
72.254765,15,186.0,86.0,116.0
72.254765,41,263.0,330.0,218.0
72.254765,15,187.0,86.0,118.0
72.254765,43,313.0,262.0,70.0
72.254765,30,273.0,439.0,78.0
72.391784,1,72.0,196.0,158.0
72.391784,21,208.0,402.0,47.0
72.391784,22,167.0,331.0,13.0
72.391784,4,121.0,480.0,226.0
72.391784,26,395.0,205.0,228.0
72.391784,11,515.0,181.0,30.0
72.391784,42,332.0,332.0,318.0
72.391784,22,167.0,333.0,14.0
72.391784,22,167.0,333.0,12.0
72.391784,22,167.0,333.0,13.0
72.391784,11,516.0,182.0,27.0
72.391784,15,191.0,84.0,117.0
72.540704,42,331.0,333.0,316.0
72.540704,4,118.0,477.0,224.0
72.540704,13,384.0,71.0,67.0
72.540704,8,496.0,476.0,319.0
72.540704,42,330.0,334.0,313.0
72.540704,43,318.0,265.0,64.0
72.540704,4,117.0,476.0,222.0
72.540704,5,205.0,535.0,247.0
72.540704,41,258.0,323.0,210.0
72.540704,26,390.0,201.0,230.0
72.540704,12,459.0,115.0,53.0
72.660316,26,390.0,200.0,231.0
72.660316,10,553.0,282.0,9.0
72.660316,6,302.0,555.0,269.0
72.660316,22,168.0,339.0,17.0
72.660316,42,327.0,336.0,308.0
72.660316,21,215.0,408.0,53.0
72.660316,24,227.0,190.0,304.0
72.660316,4,115.0,473.0,221.0
72.660316,8,492.0,480.0,314.0
72.660316,21,216.0,408.0,52.0
72.660316,28,429.0,355.0,160.0
72.660316,22,169.0,341.0,19.0
72.811348,43,323.0,267.0,50.0
72.811348,43,323.0,267.0,50.0
72.811348,28,429.0,353.0,163.0
72.811348,5,198.0,532.0,247.0
72.811348,14,300.0,56.0,95.0
72.811348,6,297.0,555.0,270.0
72.811348,2,49.0,282.0,174.0
72.811348,4,112.0,470.0,222.0
72.811348,6,296.0,555.0,267.0
72.811348,43,325.0,269.0,48.0
72.811348,22,170.0,345.0,19.0
72.811348,14,303.0,56.0,95.0
72.946200,42,321.0,340.0,302.0
72.946200,23,168.0,266.0,345.0
72.946200,8,488.0,484.0,314.0
72.946200,4,110.0,468.0,222.0
72.946200,6,293.0,555.0,267.0
72.946200,7,407.0,533.0,289.0
72.946200,5,194.0,530.0,245.0
72.946200,5,193.0,530.0,246.0
72.946200,43,329.0,272.0,44.0
72.946200,10,554.0,293.0,7.0
72.946200,16,120.0,135.0,140.0
72.946200,43,329.0,273.0,45.0
73.096095,21,223.0,414.0,57.0
73.096095,21,224.0,414.0,58.0
73.096095,12,469.0,123.0,47.0
73.096095,24,219.0,196.0,310.0
73.096095,41,254.0,309.0,193.0
73.096095,6,288.0,555.0,264.0
73.096095,9,542.0,402.0,341.0
73.096095,5,190.0,528.0,244.0
73.096095,16,123.0,132.0,139.0
73.096095,3,64.0,387.0,198.0
73.096095,6,287.0,555.0,266.0
73.096095,29,385.0,415.0,130.0
73.230184,8,482.0,490.0,313.0
73.230184,30,298.0,442.0,90.0
73.230184,24,216.0,199.0,309.0
73.230184,43,332.0,276.0,33.0
73.230184,43,332.0,276.0,31.0
73.230184,8,481.0,491.0,312.0
73.230184,27,428.0,251.0,201.0
73.230184,2,50.0,269.0,170.0
73.230184,6,283.0,554.0,264.0
73.230184,43,333.0,278.0,29.0
73.230184,4,103.0,460.0,220.0
73.230184,43,333.0,278.0,29.0
73.368167,43,333.0,279.0,29.0
73.368167,7,397.0,537.0,291.0
73.368167,12,475.0,129.0,46.0
73.368167,43,333.0,279.0,27.0
73.368167,26,372.0,188.0,239.0
73.368167,24,212.0,202.0,311.0
73.368167,7,395.0,538.0,292.0
73.368167,5,182.0,525.0,243.0
73.368167,7,395.0,538.0,291.0
73.368167,11,528.0,206.0,29.0
73.368167,43,334.0,281.0,27.0
73.368167,30,305.0,442.0,94.0
73.516344,2,51.0,264.0,167.0
73.516344,7,393.0,539.0,291.0
73.516344,5,180.0,523.0,244.0
73.516344,15,219.0,73.0,112.0
73.516344,7,392.0,539.0,291.0
73.516344,43,336.0,284.0,28.0
73.516344,30,308.0,442.0,95.0
73.516344,12,479.0,133.0,42.0
73.516344,43,336.0,285.0,27.0
73.516344,12,479.0,133.0,43.0
73.516344,12,479.0,134.0,41.0
73.516344,12,480.0,134.0,42.0
73.516344,30,310.0,442.0,96.0
73.652422,10,555.0,310.0,1.0
73.652422,23,164.0,287.0,355.0
73.652422,43,337.0,287.0,24.0
73.652422,23,164.0,287.0,352.0
73.652422,13,415.0,84.0,64.0
73.652422,41,254.0,292.0,177.0
73.652422,41,254.0,292.0,177.0
73.652422,21,240.0,423.0,63.0
73.652422,23,164.0,289.0,354.0
73.652422,25,280.0,170.0,281.0
73.652422,23,164.0,290.0,352.0
73.652422,24,204.0,209.0,3.0
73.803729,14,328.0,58.0,79.0
73.803729,3,59.0,370.0,195.0
73.803729,43,339.0,290.0,16.0
73.803729,12,483.0,138.0,40.0
73.803729,7,384.0,541.0,287.0
73.803729,27,421.0,236.0,208.0
73.803729,27,421.0,236.0,207.0
73.803729,28,437.0,324.0,173.0
73.803729,43,339.0,292.0,12.0
73.803729,5,171.0,518.0,238.0
73.803729,28,437.0,323.0,174.0
73.803729,21,245.0,425.0,67.0
73.938572,5,170.0,517.0,241.0
73.938572,43,339.0,293.0,8.0
73.938572,43,339.0,293.0,8.0
73.938572,3,57.0,365.0,195.0
73.938572,28,438.0,321.0,173.0
73.938572,1,94.0,156.0,145.0
73.938572,7,379.0,543.0,288.0
73.938572,11,535.0,221.0,22.0
73.938572,14,335.0,59.0,78.0
73.938572,21,248.0,427.0,70.0
73.938572,43,339.0,296.0,4.0
73.938572,9,532.0,426.0,329.0
74.088602,12,488.0,144.0,42.0
74.088602,3,57.0,362.0,195.0
74.088602,42,289.0,346.0,256.0
74.088602,2,54.0,247.0,166.0
74.088602,15,234.0,68.0,106.0
74.088602,2,54.0,246.0,167.0
74.088602,29,405.0,397.0,140.0
74.088602,16,145.0,114.0,125.0
74.088602,24,197.0,217.0,319.0
74.088602,9,530.0,429.0,331.0
74.088602,24,196.0,218.0,321.0
74.088602,24,196.0,218.0,323.0
74.238650,43,340.0,301.0,3.0
74.238650,22,187.0,379.0,34.0
74.238650,9,529.0,430.0,330.0
74.238650,8,459.0,508.0,302.0
74.238650,43,340.0,302.0,3.0
74.238650,11,537.0,227.0,23.0
74.238650,12,492.0,148.0,42.0
74.238650,43,340.0,303.0,2.0
74.238650,28,438.0,312.0,179.0
74.238650,43,340.0,304.0,3.0
74.238650,5,160.0,511.0,237.0
74.238650,2,55.0,240.0,165.0
74.374598,42,282.0,344.0,249.0
74.374598,3,55.0,354.0,189.0
74.374598,42,282.0,343.0,247.0
74.374598,2,56.0,239.0,165.0
74.374598,16,151.0,110.0,126.0
74.374598,8,455.0,510.0,302.0
74.374598,9,527.0,435.0,328.0
74.374598,21,258.0,430.0,72.0
74.374598,43,340.0,307.0,352.0
74.374598,8,454.0,511.0,302.0
74.374598,6,250.0,550.0,259.0
74.374598,3,54.0,351.0,190.0
74.374598,8,453.0,512.0,303.0
74.510604,6,248.0,550.0,256.0
74.510604,41,264.0,270.0,140.0
74.510604,10,555.0,335.0,359.0
74.510604,22,191.0,386.0,38.0
74.510604,43,340.0,308.0,348.0
74.510604,22,192.0,386.0,40.0
74.510604,23,163.0,314.0,3.0
74.510604,13,438.0,96.0,57.0
74.510604,10,555.0,338.0,356.0
74.510604,8,450.0,514.0,300.0
74.510604,43,339.0,311.0,340.0
74.510604,9,524.0,440.0,329.0
74.659592,6,245.0,549.0,256.0
74.659592,16,157.0,106.0,125.0
74.659592,8,449.0,514.0,299.0
74.659592,10,555.0,340.0,356.0
74.659592,28,438.0,301.0,184.0
74.659592,43,339.0,312.0,338.0
74.659592,8,448.0,515.0,298.0
74.659592,7,359.0,548.0,282.0
74.659592,24,188.0,231.0,326.0
74.659592,15,251.0,63.0,100.0
74.659592,26,336.0,173.0,256.0
74.659592,8,446.0,516.0,30.0
74.795426,16,160.0,104.0,122.0
74.795426,3,53.0,342.0,189.0
74.795426,5,149.0,503.0,231.0
74.795426,9,520.0,445.0,327.0
74.795426,13,443.0,100.0,53.0
74.795426,43,337.0,316.0,341.0
74.795426,41,271.0,263.0,129.0
74.795426,7,355.0,548.0,279.0
74.795426,5,147.0,502.0,232.0
74.795426,9,519.0,446.0,328.0
74.795426,8,443.0,518.0,299.0
74.795426,42,268.0,335.0,228.0
74.933608,8,442.0,518.0,302.0
74.933608,42,268.0,334.0,228.0
74.933608,42,267.0,334.0,228.0
74.933608,1,112.0,134.0,139.0
74.933608,16,164.0,101.0,125.0
74.933608,4,76.0,420.0,207.0
74.933608,28,438.0,292.0,188.0
74.933608,16,165.0,100.0,127.0
74.933608,3,52.0,336.0,189.0
74.933608,28,438.0,291.0,190.0
74.933608,28,438.0,291.0,190.0
74.933608,43,335.0,323.0,3.0
75.081311,8,439.0,520.0,304.0
75.081311,16,167.0,99.0,125.0
75.081311,2,62.0,219.0,162.0
75.081311,10,554.0,352.0,353.0
75.081311,43,334.0,324.0,331.0
75.081311,43,334.0,325.0,327.0
75.081311,2,62.0,218.0,162.0
75.081311,22,203.0,399.0,45.0
75.081311,22,204.0,400.0,45.0
75.081311,43,333.0,326.0,326.0
75.081311,23,165.0,331.0,13.0
75.081311,28,437.0,286.0,18.0
75.216951,6,229.0,545.0,253.0
75.216951,5,139.0,496.0,233.0
75.216951,22,205.0,401.0,45.0
75.216951,7,344.0,550.0,281.0
75.216951,8,434.0,523.0,298.0
75.216951,5,138.0,495.0,231.0
75.216951,42,262.0,327.0,213.0
75.216951,10,553.0,357.0,350.0
75.216951,28,437.0,283.0,191.0
75.216951,43,331.0,329.0,320.0
75.216951,43,331.0,329.0,320.0
75.216951,9,512.0,457.0,3.0
75.366538,42,261.0,326.0,210.0
75.366538,43,331.0,329.0,318.0
75.366538,3,51.0,325.0,185.0
75.366538,3,51.0,325.0,186.0
75.366538,30,359.0,429.0,116.0
75.366538,21,286.0,436.0,86.0
75.366538,26,317.0,170.0,264.0
75.366538,27,391.0,201.0,230.0
75.366538,9,510.0,459.0,323.0
75.366538,23,166.0,339.0,15.0
75.366538,8,429.0,526.0,295.0
75.366538,29,427.0,364.0,1.0
75.501567,8,428.0,526.0,297.0
75.501567,8,427.0,526.0,296.0
75.501567,27,390.0,200.0,231.0
75.501567,9,508.0,461.0,322.0
75.501567,28,435.0,277.0,193.0
75.501567,4,69.0,406.0,203.0
75.501567,9,508.0,462.0,320.0
75.501567,43,326.0,334.0,316.0
75.501567,9,507.0,462.0,323.0
75.501567,2,66.0,205.0,157.0
75.501567,4,69.0,404.0,201.0
75.501567,9,507.0,463.0,322.0
75.651625,23,168.0,344.0,16.0
75.651625,8,424.0,528.0,295.0
75.651625,2,67.0,204.0,159.0
75.651625,26,310.0,169.0,269.0
75.651625,10,551.0,368.0,350.0
75.651625,9,505.0,465.0,321.0
75.651625,30,366.0,425.0,119.0
75.651625,24,175.0,256.0,340.0
75.651625,42,256.0,316.0,195.0
75.651625,6,214.0,540.0,248.0
75.651625,28,434.0,271.0,197.0
75.651625,22,217.0,411.0,55.0
75.801454,29,430.0,357.0,159.0
75.801454,8,420.0,530.0,294.0
75.801454,9,503.0,467.0,321.0
75.801454,23,169.0,349.0,19.0
75.801454,12,517.0,184.0,30.0
75.801454,10,550.0,372.0,348.0
75.801454,22,219.0,412.0,53.0
75.801454,8,418.0,531.0,289.0
75.801454,12,518.0,185.0,30.0
75.801454,43,321.0,339.0,297.0
75.801454,14,388.0,72.0,68.0
75.801454,26,304.0,169.0,269.0
75.938511,43,319.0,339.0,295.0
75.938511,41,299.0,253.0,86.0
75.938511,23,170.0,352.0,20.0
75.938511,42,255.0,310.0,189.0
75.938511,28,432.0,265.0,199.0
75.938511,28,432.0,265.0,199.0
75.938511,43,317.0,340.0,297.0
75.938511,25,221.0,196.0,305.0
75.938511,14,391.0,73.0,66.0
75.938511,43,316.0,341.0,297.0
75.938511,43,316.0,341.0,295.0
75.938511,25,220.0,197.0,3.0
76.072757,6,205.0,537.0,247.0
76.072757,27,377.0,190.0,238.0
76.072757,22,224.0,415.0,66.0
76.072757,14,394.0,74.0,66.0
76.072757,7,319.0,553.0,276.0
76.072757,24,171.0,267.0,343.0
76.072757,9,497.0,475.0,316.0
76.072757,10,548.0,381.0,344.0
76.072757,11,552.0,279.0,11.0
76.072757,25,217.0,199.0,311.0
76.072757,9,496.0,476.0,320.0
76.072757,23,173.0,359.0,2.0
76.222821,12,523.0,194.0,30.0
76.222821,5,118.0,477.0,224.0
76.222821,11,552.0,281.0,9.0
76.222821,21,310.0,437.0,93.0
76.222821,29,435.0,344.0,164.0
76.222821,43,311.0,343.0,293.0
76.222821,13,476.0,127.0,44.0
76.222821,22,231.0,418.0,66.0
76.222821,1,139.0,108.0,128.0
76.222821,2,74.0,187.0,151.0
76.222821,23,174.0,363.0,22.0
76.222821,2,75.0,186.0,148.0
76.371838,43,309.0,344.0,281.0
76.371838,22,233.0,420.0,63.0
76.371838,29,436.0,341.0,166.0
76.371838,28,428.0,254.0,204.0
76.371838,27,369.0,186.0,242.0
76.371838,22,235.0,421.0,63.0
76.371838,30,384.0,415.0,125.0
76.371838,24,169.0,275.0,348.0
76.371838,23,176.0,366.0,22.0
76.371838,43,307.0,344.0,276.0
76.371838,7,309.0,553.0,270.0
76.371838,23,176.0,367.0,22.0
76.507285,29,437.0,338.0,167.0
76.507285,24,169.0,277.0,348.0
76.507285,43,305.0,344.0,275.0
76.507285,6,193.0,532.0,244.0
76.507285,23,177.0,369.0,25.0
76.507285,30,387.0,412.0,125.0
76.507285,5,111.0,469.0,224.0
76.507285,8,398.0,538.0,290.0
76.507285,25,208.0,207.0,315.0
76.507285,3,51.0,290.0,182.0
76.507285,9,488.0,484.0,315.0
76.642581,4,59.0,377.0,194.0
76.642581,7,304.0,554.0,270.0
76.642581,26,282.0,170.0,279.0
76.642581,15,307.0,59.0,90.0
76.813378,14,413.0,82.0,67.0
76.813378,6,185.0,528.0,242.0
76.813378,29,438.0,328.0,173.0
76.813378,7,298.0,554.0,270.0
76.813378,43,295.0,345.0,269.0
76.813378,8,391.0,541.0,286.0
76.813378,43,295.0,345.0,267.0
76.813378,23,182.0,376.0,42.0
76.813378,43,293.0,345.0,264.0
76.813378,12,532.0,211.0,23.0
76.813378,43,293.0,345.0,264.0
76.813378,23,183.0,377.0,42.0
76.955534,43,292.0,345.0,261.0
76.955534,6,182.0,526.0,239.0
76.955534,6,181.0,526.0,240.0
76.955534,6,181.0,526.0,240.0
76.955534,9,479.0,492.0,312.0
76.955534,26,272.0,172.0,284.0
76.955534,16,217.0,75.0,107.0
76.955534,9,479.0,492.0,311.0
76.955534,9,478.0,493.0,312.0
76.955534,43,291.0,345.0,256.0
76.955534,3,51.0,276.0,175.0
76.955534,9,477.0,494.0,311.0
77.104263,6,178.0,524.0,245.0
77.104263,9,477.0,494.0,311.0
77.104263,43,289.0,344.0,253.0
77.104263,26,268.0,173.0,286.0
77.104263,8,383.0,543.0,288.0
77.104263,28,418.0,234.0,214.0
77.104263,7,289.0,553.0,267.0
77.104263,11,555.0,308.0,1.0
77.104263,11,555.0,308.0,3.0
77.104263,23,189.0,383.0,41.0
77.104263,7,287.0,553.0,265.0
77.104263,23,189.0,384.0,43.0
77.255974,10,538.0,410.0,336.0
77.255974,14,423.0,88.0,57.0
77.255974,1,161.0,91.0,121.0
77.255974,2,88.0,163.0,146.0
77.255974,23,190.0,385.0,41.0
77.255974,43,284.0,342.0,247.0
77.255974,6,173.0,522.0,238.0
77.255974,14,425.0,89.0,57.0
77.255974,8,377.0,545.0,287.0
77.255974,43,282.0,342.0,248.0
77.255974,6,172.0,521.0,236.0
77.255974,13,497.0,150.0,40.0
77.391408,2,90.0,160.0,146.0
77.391408,22,263.0,434.0,73.0
77.391408,2,90.0,160.0,147.0
77.391408,6,170.0,520.0,235.0
77.391408,43,279.0,341.0,247.0
77.391408,8,375.0,545.0,283.0
77.391408,11,555.0,315.0,3.0
77.391408,43,279.0,340.0,245.0
77.391408,43,278.0,340.0,245.0
77.391408,43,278.0,340.0,245.0
77.391408,6,168.0,519.0,236.0
77.391408,43,277.0,340.0,241.0
77.528622,7,278.0,553.0,267.0
77.528622,1,168.0,87.0,122.0
77.528622,21,347.0,428.0,110.0
77.528622,6,167.0,518.0,236.0
77.528622,30,408.0,393.0,139.0
77.528622,6,166.0,518.0,238.0
77.528622,41,340.0,277.0,26.0
77.528622,43,276.0,339.0,237.0
77.528622,41,340.0,277.0,26.0
77.528622,7,275.0,552.0,267.0
77.528622,41,340.0,278.0,25.0
77.528622,7,274.0,552.0,265.0
77.675287,43,274.0,338.0,234.0
77.675287,43,274.0,338.0,234.0
77.675287,21,351.0,427.0,112.0
77.675287,21,351.0,427.0,112.0
77.675287,12,541.0,232.0,18.0
77.675287,7,272.0,552.0,264.0
77.675287,13,503.0,159.0,36.0
77.675287,43,273.0,337.0,228.0
77.675287,6,162.0,515.0,237.0
77.675287,6,162.0,515.0,236.0
77.675287,7,270.0,552.0,263.0
77.675287,3,54.0,256.0,171.0
77.812684,6,161.0,514.0,238.0
77.812684,13,505.0,161.0,35.0
77.812684,43,272.0,335.0,224.0
77.812684,23,201.0,397.0,44.0
77.812684,25,187.0,236.0,327.0
77.812684,13,506.0,162.0,37.0
77.812684,41,343.0,285.0,23.0
77.812684,13,506.0,162.0,35.0
77.812684,13,506.0,162.0,37.0
77.812684,26,248.0,181.0,297.0
77.812684,43,269.0,333.0,223.0
77.812684,24,165.0,318.0,9.0
77.960584,2,99.0,147.0,142.0
77.960584,43,269.0,333.0,223.0
77.960584,43,269.0,332.0,223.0
77.960584,2,100.0,146.0,140.0
77.960584,2,100.0,146.0,139.0
77.960584,8,359.0,549.0,284.0
77.960584,15,347.0,63.0,80.0
77.960584,29,439.0,294.0,187.0
77.960584,43,267.0,331.0,221.0
77.960584,27,324.0,170.0,261.0
77.960584,1,181.0,79.0,117.0
77.960584,2,101.0,144.0,141.0
78.096929,8,356.0,550.0,281.0
78.096929,22,282.0,438.0,86.0
78.096929,3,56.0,247.0,168.0
78.096929,24,166.0,323.0,9.0
78.096929,43,266.0,329.0,216.0
78.096929,29,439.0,290.0,189.0
78.096929,6,152.0,509.0,234.0
78.096929,10,526.0,434.0,326.0
78.096929,43,265.0,328.0,214.0
78.096929,43,265.0,328.0,214.0
78.096929,6,151.0,508.0,233.0
78.096929,43,265.0,328.0,213.0
78.247170,11,555.0,338.0,359.0
78.247170,11,555.0,338.0,357.0
78.247170,3,57.0,243.0,168.0
78.247170,8,351.0,550.0,281.0
78.247170,2,105.0,139.0,138.0
78.247170,43,264.0,327.0,210.0
78.247170,43,264.0,326.0,206.0
78.247170,29,438.0,286.0,191.0
78.247170,7,255.0,549.0,262.0
78.247170,23,211.0,407.0,48.0
78.247170,9,448.0,514.0,302.0
78.247170,8,348.0,551.0,279.0
78.382064,3,58.0,240.0,168.0
78.382064,5,81.0,427.0,207.0
78.382064,5,81.0,426.0,208.0
78.382064,30,421.0,373.0,153.0
78.382064,8,347.0,551.0,281.0
78.382064,3,58.0,238.0,166.0
78.382064,30,422.0,372.0,151.0
78.382064,23,213.0,409.0,48.0
78.382064,8,345.0,551.0,277.0
78.382064,43,262.0,322.0,203.0
78.382064,24,168.0,333.0,14.0
78.382064,27,311.0,169.0,267.0
78.382064,23,215.0,410.0,51.0
78.532139,23,215.0,411.0,53.0
78.532139,43,261.0,320.0,204.0
78.532139,3,59.0,235.0,166.0
78.532139,6,143.0,502.0,229.0
78.532139,15,362.0,66.0,77.0
78.532139,10,520.0,444.0,327.0
78.532139,8,342.0,552.0,278.0
78.532139,9,441.0,518.0,300.0
78.532139,3,60.0,233.0,165.0
78.532139,7,246.0,548.0,258.0
78.532139,43,260.0,316.0,207.0
78.532139,29,436.0,276.0,194.0
78.682913,24,169.0,338.0,18.0
78.682913,21,376.0,413.0,126.0
78.682913,25,176.0,256.0,336.0
78.682913,6,140.0,500.0,229.0
78.682913,27,304.0,168.0,269.0
78.682913,42,299.0,256.0,93.0
78.682913,10,518.0,447.0,326.0
78.682913,43,259.0,314.0,203.0
78.682913,10,517.0,448.0,325.0
78.682913,9,437.0,521.0,298.0
78.682913,10,517.0,448.0,323.0
78.682913,42,301.0,256.0,86.0
78.804441,9,436.0,521.0,300.0
78.804441,14,461.0,115.0,52.0
78.804441,9,436.0,521.0,296.0
78.804441,10,516.0,450.0,328.0
78.804441,10,516.0,450.0,324.0
78.804441,7,240.0,546.0,258.0
78.804441,3,62.0,226.0,162.0
78.804441,43,257.0,310.0,194.0
78.804441,43,257.0,310.0,193.0
78.804441,7,239.0,546.0,260.0
78.804441,4,49.0,311.0,182.0
78.804441,41,342.0,317.0,346.0
78.967818,14,464.0,117.0,52.0
78.967818,43,257.0,308.0,188.0
78.967818,21,383.0,408.0,129.0
78.967818,11,553.0,359.0,351.0
78.967818,10,514.0,453.0,328.0
78.967818,29,434.0,266.0,197.0
78.967818,22,310.0,439.0,94.0
78.967818,15,375.0,70.0,72.0
78.967818,16,274.0,62.0,98.0
78.967818,11,553.0,361.0,351.0
78.967818,7,234.0,545.0,256.0
78.967818,22,312.0,438.0,96.0
79.103096,26,219.0,200.0,312.0
79.103096,41,341.0,322.0,336.0
79.103096,26,218.0,201.0,312.0
79.103096,6,130.0,491.0,226.0
79.103096,26,218.0,201.0,310.0
79.103096,10,511.0,457.0,320.0
79.103096,26,217.0,202.0,312.0
79.103096,43,257.0,303.0,181.0
79.103096,26,217.0,202.0,311.0
79.103096,7,230.0,544.0,25.0
79.223516,21,388.0,403.0,131.0
79.223516,27,289.0,170.0,276.0
79.223516,9,425.0,527.0,297.0
79.223516,7,229.0,543.0,254.0
79.223516,15,382.0,72.0,71.0
79.223516,6,127.0,489.0,223.0
79.223516,21,390.0,402.0,129.0
79.223516,8,321.0,554.0,275.0
79.223516,14,471.0,124.0,50.0
79.223516,24,175.0,356.0,23.0
79.223516,24,175.0,356.0,22.0
79.223516,43,256.0,298.0,175.0
79.359385,8,319.0,554.0,275.0
79.359385,29,430.0,256.0,201.0
79.359385,14,473.0,125.0,49.0
79.359385,7,225.0,542.0,255.0
79.359385,7,224.0,542.0,255.0
79.359385,43,256.0,296.0,169.0
79.359385,42,319.0,261.0,64.0
79.359385,24,177.0,359.0,26.0
79.359385,9,419.0,530.0,295.0
79.359385,9,419.0,530.0,296.0
79.359385,9,419.0,530.0,293.0
79.359385,43,256.0,295.0,166.0
79.509726,14,475.0,127.0,48.0
79.509726,30,434.0,345.0,168.0
79.509726,43,256.0,294.0,164.0
79.509726,41,333.0,333.0,321.0
79.509726,13,531.0,203.0,27.0
79.509726,10,503.0,466.0,320.0
79.509726,29,428.0,251.0,204.0
79.509726,12,554.0,283.0,7.0
79.509726,30,434.0,342.0,166.0
79.509726,5,66.0,395.0,201.0
79.509726,26,208.0,210.0,311.0
79.509726,27,278.0,172.0,28.0
79.660748,10,502.0,468.0,316.0
79.660748,42,324.0,264.0,57.0
79.660748,10,501.0,468.0,318.0
79.660748,9,413.0,532.0,291.0
79.660748,43,258.0,291.0,152.0
79.660748,23,245.0,428.0,70.0
79.660748,4,49.0,288.0,176.0
79.660748,15,394.0,77.0,67.0
79.660748,9,412.0,533.0,291.0
79.660748,26,205.0,213.0,315.0
79.660748,12,555.0,288.0,6.0
79.660748,26,204.0,213.0,316.0
79.796038,10,499.0,471.0,318.0
79.796038,6,116.0,478.0,221.0
79.796038,6,116.0,478.0,220.0
79.796038,41,328.0,338.0,303.0
79.796038,10,498.0,472.0,319.0
79.796038,1,228.0,60.0,105.0
79.796038,9,409.0,534.0,293.0
79.796038,24,182.0,370.0,28.0
79.796038,26,202.0,215.0,317.0
79.796038,14,484.0,136.0,47.0
79.796038,1,230.0,59.0,107.0
79.796038,3,72.0,198.0,155.0
79.946575,43,261.0,284.0,151.0
79.946575,26,201.0,217.0,317.0
79.946575,24,183.0,372.0,32.0
79.946575,41,324.0,340.0,298.0
79.946575,41,323.0,341.0,301.0
79.946575,15,401.0,80.0,64.0
79.946575,2,140.0,104.0,126.0
79.946575,9,404.0,536.0,295.0
79.946575,16,302.0,60.0,93.0
79.946575,41,322.0,341.0,300.0
79.946575,5,62.0,383.0,202.0
79.946575,29,422.0,239.0,210.0
80.081359,4,50.0,278.0,174.0
80.081359,9,403.0,536.0,289.0
80.081359,12,556.0,297.0,6.0
80.081359,8,298.0,555.0,269.0
80.081359,7,205.0,536.0,251.0
80.081359,10,493.0,478.0,314.0
80.081359,21,406.0,385.0,142.0
80.081359,15,405.0,82.0,63.0
80.081359,29,420.0,237.0,211.0
80.081359,28,353.0,180.0,252.0
80.081359,7,203.0,535.0,249.0
80.081359,24,187.0,378.0,34.0
80.231865,24,187.0,378.0,35.0
80.231865,4,51.0,273.0,176.0
80.231865,1,239.0,57.0,100.0
80.231865,4,51.0,273.0,177.0
80.231865,4,51.0,272.0,176.0
80.231865,12,556.0,302.0,4.0
80.231865,42,336.0,277.0,34.0
80.231865,30,438.0,323.0,174.0
80.231865,29,418.0,233.0,215.0
80.231865,43,266.0,277.0,136.0
80.231865,43,267.0,276.0,137.0
80.231865,13,540.0,223.0,22.0
80.367625,43,267.0,276.0,136.0
80.367625,21,410.0,379.0,142.0
80.367625,26,193.0,226.0,325.0
80.367625,26,193.0,226.0,322.0
80.367625,10,487.0,484.0,313.0
80.367625,24,190.0,383.0,36.0
80.367625,9,394.0,540.0,287.0
80.367625,5,59.0,373.0,193.0
80.367625,15,413.0,86.0,63.0
80.367625,41,311.0,345.0,281.0
80.367625,28,345.0,177.0,255.0
80.367625,24,191.0,385.0,39.0
80.503700,9,392.0,540.0,285.0
80.503700,24,192.0,385.0,39.0
80.503700,29,415.0,228.0,215.0
80.503700,5,58.0,371.0,192.0
80.503700,29,414.0,227.0,215.0
80.503700,2,153.0,95.0,122.0
80.503700,11,542.0,402.0,340.0
80.503700,10,483.0,487.0,313.0
80.503700,23,270.0,436.0,78.0
80.503700,8,283.0,554.0,269.0
80.503700,25,166.0,310.0,3.0
80.503700,30,439.0,314.0,181.0
80.652351,15,418.0,88.0,62.0
80.652351,28,340.0,176.0,260.0
80.652351,10,482.0,488.0,313.0
80.652351,10,481.0,489.0,314.0
80.652351,7,190.0,530.0,245.0
80.652351,9,386.0,542.0,285.0
80.652351,11,540.0,406.0,338.0
80.652351,1,253.0,54.0,101.0
80.652351,28,338.0,175.0,259.0
80.652351,43,276.0,267.0,123.0
80.652351,9,385.0,542.0,286.0
80.652351,7,188.0,529.0,246.0
80.788088,26,187.0,235.0,327.0
80.788088,15,422.0,90.0,60.0
80.788088,23,276.0,437.0,79.0
80.788088,43,277.0,266.0,119.0
80.788088,2,160.0,90.0,124.0
80.788088,43,278.0,266.0,119.0
80.788088,26,186.0,237.0,329.0
80.788088,41,299.0,347.0,270.0
80.788088,11,538.0,410.0,338.0
80.788088,7,185.0,527.0,243.0
80.788088,4,53.0,254.0,171.0
80.788088,10,476.0,493.0,310.0
80.937713,7,184.0,527.0,243.0
80.937713,7,184.0,527.0,242.0
80.937713,7,183.0,526.0,243.0
80.937713,2,163.0,88.0,121.0
80.937713,16,329.0,62.0,83.0
80.937713,4,54.0,252.0,174.0
80.937713,11,537.0,413.0,337.0
80.937713,30,439.0,303.0,183.0
80.937713,5,55.0,357.0,187.0
80.937713,41,294.0,347.0,263.0
80.937713,16,331.0,62.0,84.0
80.937713,25,166.0,323.0,8.0
80.937713,2,165.0,87.0,118.0
81.088789,41,292.0,347.0,258.0
81.088789,26,183.0,243.0,335.0
81.088789,8,269.0,553.0,265.0
81.088789,27,238.0,187.0,294.0
81.088789,42,600.0,298.0,4.0
81.088789,8,268.0,553.0,265.0
81.088789,9,374.0,545.0,287.0
81.088789,4,54.0,247.0,168.0
81.088789,26,182.0,245.0,334.0
81.088789,8,267.0,552.0,267.0
81.088789,27,236.0,189.0,297.0
81.088789,27,235.0,189.0,298.0
81.224209,42,344.0,301.0,353.0
81.224209,9,371.0,546.0,283.0
81.224209,42,344.0,302.0,353.0
81.224209,27,234.0,190.0,300.0
81.224209,13,549.0,248.0,16.0
81.224209,13,549.0,248.0,16.0
81.224209,7,175.0,521.0,242.0
81.224209,13,549.0,249.0,14.0
81.224209,7,174.0,521.0,241.0
81.224209,12,557.0,332.0,357.0
81.224209,8,262.0,552.0,264.0
81.224209,10,467.0,501.0,305.0
81.374097,8,261.0,552.0,263.0
81.374097,25,168.0,332.0,9.0
81.374097,4,56.0,241.0,168.0
81.374097,8,261.0,552.0,262.0
81.374097,2,174.0,81.0,118.0
81.374097,26,178.0,252.0,336.0
81.374097,21,425.0,353.0,158.0
81.374097,13,550.0,253.0,15.0
81.374097,8,259.0,551.0,262.0
81.374097,9,364.0,547.0,281.0
81.374097,9,364.0,547.0,282.0
81.374097,9,364.0,547.0,283.0
81.511271,9,363.0,547.0,279.0
81.511271,5,53.0,342.0,187.0
81.511271,8,257.0,551.0,264.0
81.511271,13,551.0,256.0,14.0
81.511271,25,169.0,337.0,13.0
81.511271,5,53.0,341.0,189.0
81.511271,11,530.0,428.0,330.0
81.511271,27,227.0,195.0,304.0
81.511271,7,167.0,517.0,238.0
81.511271,43,296.0,261.0,90.0
81.511271,15,442.0,103.0,55.0
81.511271,25,169.0,339.0,15.0
81.646771,5,52.0,339.0,189.0
81.646771,29,393.0,204.0,230.0
81.646771,29,393.0,203.0,232.0
81.646771,25,170.0,340.0,14.0
81.646771,41,276.0,341.0,236.0
81.646771,26,175.0,259.0,338.0
81.646771,26,175.0,260.0,340.0
81.646771,8,251.0,550.0,262.0
81.646771,14,516.0,177.0,33.0
81.646771,5,52.0,336.0,189.0
81.646771,3,99.0,153.0,144.0
81.646771,10,457.0,508.0,304.0
81.782090,5,52.0,335.0,189.0
81.782090,8,249.0,550.0,262.0
81.782090,27,222.0,198.0,304.0
81.782090,27,221.0,199.0,304.0
81.940828,7,158.0,511.0,238.0
81.940828,28,303.0,172.0,273.0
81.940828,10,452.0,511.0,302.0
81.940828,43,307.0,261.0,80.0
81.940828,10,451.0,511.0,305.0
81.940828,9,349.0,550.0,279.0
81.940828,14,521.0,184.0,34.0
81.940828,9,348.0,550.0,279.0
81.940828,7,156.0,510.0,236.0
81.940828,13,554.0,270.0,13.0
81.940828,42,337.0,326.0,327.0
81.940828,41,267.0,333.0,22.0
82.083363,23,314.0,439.0,96.0
82.083363,8,241.0,548.0,254.0
82.083363,25,173.0,352.0,23.0
82.083363,8,240.0,548.0,256.0
82.083363,23,315.0,439.0,98.0
82.083363,13,555.0,273.0,13.0
82.083363,4,62.0,219.0,161.0
82.083363,9,344.0,551.0,279.0
82.083363,11,521.0,443.0,329.0
82.083363,25,174.0,354.0,25.0
82.083363,14,524.0,188.0,31.0
82.083363,25,174.0,355.0,24.0
82.234758,41,264.0,330.0,218.0
82.234758,11,520.0,444.0,328.0
82.234758,29,379.0,193.0,237.0
82.234758,21,432.0,330.0,169.0
82.234758,13,556.0,276.0,12.0
82.234758,11,519.0,445.0,326.0
82.234758,9,340.0,551.0,279.0
82.234758,15,458.0,115.0,52.0
82.234758,41,262.0,328.0,216.0
82.234758,14,526.0,191.0,29.0
82.234758,28,291.0,173.0,277.0
82.234758,21,433.0,328.0,16.0
82.371135,10,442.0,517.0,298.0
82.371135,41,261.0,326.0,215.0
82.371135,11,518.0,448.0,325.0
82.371135,13,557.0,280.0,11.0
82.371135,21,433.0,326.0,170.0
82.371135,43,320.0,266.0,65.0
82.371135,15,462.0,117.0,50.0
82.371135,11,517.0,449.0,327.0
82.371135,2,201.0,67.0,114.0
82.371135,7,146.0,502.0,235.0
82.371135,43,322.0,266.0,63.0
82.371135,15,462.0,118.0,5.0
82.519799,15,463.0,118.0,52.0
82.519799,6,72.0,413.0,202.0
82.519799,25,178.0,363.0,26.0
82.519799,9,333.0,552.0,276.0
82.519799,6,72.0,412.0,205.0
82.519799,6,72.0,412.0,202.0
82.519799,3,114.0,134.0,137.0
82.519799,24,237.0,423.0,62.0
82.519799,41,257.0,320.0,209.0
82.519799,10,436.0,520.0,298.0
82.519799,5,50.0,310.0,181.0
82.519799,43,325.0,268.0,57.0
82.670151,30,429.0,257.0,200.0
82.670151,16,377.0,73.0,73.0
82.670151,43,326.0,269.0,52.0
82.670151,5,50.0,308.0,181.0
82.670151,28,281.0,174.0,284.0
82.670151,15,467.0,122.0,50.0
82.670151,25,181.0,368.0,29.0
82.670151,3,117.0,131.0,136.0
82.670151,21,435.0,316.0,173.0
82.670151,22,406.0,389.0,139.0
82.670151,2,209.0,64.0,107.0
82.670151,29,366.0,186.0,245.0
82.805940,27,201.0,218.0,317.0
82.805940,7,138.0,497.0,231.0
82.805940,7,138.0,496.0,231.0
82.805940,9,325.0,553.0,278.0
82.805940,29,364.0,185.0,247.0
82.805940,4,70.0,200.0,155.0
82.805940,43,329.0,272.0,41.0
82.805940,10,429.0,524.0,295.0
82.805940,4,70.0,199.0,156.0
82.805940,30,426.0,250.0,205.0
82.805940,8,218.0,542.0,250.0
82.805940,16,384.0,75.0,72.0
82.956120,28,274.0,176.0,286.0
82.956120,43,331.0,274.0,39.0
82.956120,30,426.0,249.0,207.0
82.956120,8,216.0,541.0,251.0
82.956120,3,122.0,125.0,137.0
82.956120,7,134.0,493.0,231.0
82.956120,7,133.0,493.0,231.0
82.956120,8,215.0,541.0,249.0
82.956120,27,196.0,223.0,320.0
82.956120,21,435.0,308.0,176.0
82.956120,2,217.0,62.0,102.0
82.956120,43,333.0,277.0,37.0
83.091320,10,424.0,526.0,291.0
83.091320,10,423.0,526.0,291.0
83.091320,5,50.0,297.0,177.0
83.091320,7,131.0,491.0,229.0
83.091320,10,422.0,527.0,293.0
83.091320,43,334.0,278.0,35.0
83.091320,14,536.0,213.0,27.0
83.091320,13,560.0,302.0,7.0
83.091320,27,194.0,227.0,321.0
83.091320,10,421.0,528.0,291.0
83.091320,15,478.0,131.0,43.0
83.091320,9,314.0,554.0,273.0
83.240016,11,504.0,466.0,319.0
83.240016,9,313.0,554.0,273.0
83.240016,5,50.0,293.0,174.0
83.240016,8,208.0,538.0,249.0
83.240016,43,335.0,280.0,27.0
83.240016,12,549.0,387.0,345.0
83.240016,43,336.0,281.0,26.0
83.240016,9,311.0,554.0,271.0
83.240016,30,421.0,240.0,212.0
83.240016,25,190.0,383.0,37.0
83.240016,27,191.0,230.0,323.0
83.240016,43,336.0,282.0,21.0
83.376555,28,262.0,179.0,290.0
83.376555,22,416.0,375.0,149.0
83.376555,25,191.0,384.0,37.0
83.376555,8,204.0,537.0,252.0
83.376555,2,227.0,59.0,101.0
83.376555,42,305.0,347.0,277.0
83.376555,21,435.0,297.0,181.0
83.376555,43,337.0,283.0,17.0
83.376555,9,307.0,554.0,271.0
83.376555,29,347.0,179.0,254.0
83.376555,15,483.0,137.0,43.0
83.376555,1,333.0,51.0,81.0
83.513080,13,561.0,311.0,3.0
83.513080,26,166.0,310.0,2.0
83.513080,10,412.0,531.0,293.0
83.513080,24,263.0,433.0,76.0
83.513080,10,411.0,532.0,293.0
83.513080,5,50.0,283.0,179.0
83.513080,8,200.0,535.0,249.0
83.513080,23,356.0,428.0,115.0
83.513080,11,497.0,474.0,315.0
83.513080,23,357.0,428.0,115.0
83.513080,24,265.0,434.0,77.0
83.513080,11,496.0,475.0,318.0
83.662541,5,50.0,281.0,179.0
83.662541,43,339.0,292.0,18.0
83.662541,7,120.0,480.0,223.0
83.662541,23,359.0,427.0,117.0
83.662541,23,359.0,427.0,115.0
83.662541,23,359.0,427.0,117.0
83.662541,8,196.0,533.0,249.0
83.662541,23,360.0,426.0,117.0
83.662541,29,339.0,177.0,258.0
83.662541,7,118.0,478.0,223.0
83.662541,43,340.0,294.0,18.0
83.662541,27,184.0,241.0,328.0
83.798695,8,194.0,533.0,245.0
83.798695,29,338.0,176.0,257.0
83.798695,43,340.0,296.0,13.0
83.798695,30,413.0,228.0,217.0
83.798695,29,337.0,176.0,257.0
83.798695,43,341.0,296.0,13.0
83.798695,27,183.0,243.0,331.0
83.798695,11,491.0,480.0,316.0
83.798695,7,115.0,475.0,223.0
83.798695,43,341.0,298.0,9.0
83.798695,8,191.0,531.0,247.0
83.798695,9,293.0,554.0,268.0
83.947945,43,341.0,298.0,12.0
83.947945,23,366.0,423.0,119.0
83.947945,2,243.0,55.0,102.0
83.947945,43,341.0,299.0,6.0
83.947945,23,366.0,423.0,122.0
83.947945,23,367.0,423.0,119.0
83.947945,1,348.0,54.0,78.0
83.947945,8,188.0,530.0,245.0
83.947945,1,348.0,54.0,78.0
83.947945,15,494.0,149.0,42.0
83.947945,43,341.0,301.0,0.0
83.947945,43,341.0,301.0,357.0
83.947945,11,487.0,484.0,314.0
84.083209,26,167.0,326.0,8.0
84.083209,9,288.0,554.0,267.0
84.083209,6,57.0,371.0,193.0
84.083209,43,341.0,303.0,359.0
84.083209,43,341.0,303.0,359.0
84.083209,11,486.0,485.0,311.0
84.083209,43,341.0,304.0,357.0
84.083209,43,341.0,304.0,357.0
84.083209,42,284.0,345.0,247.0
84.083209,8,183.0,528.0,244.0
84.083209,28,240.0,189.0,300.0
84.083209,1,353.0,55.0,77.0
84.233726,15,498.0,153.0,40.0
84.233726,4,89.0,165.0,153.0
84.233726,9,284.0,554.0,269.0
84.233726,4,89.0,165.0,152.0
84.233726,43,341.0,308.0,357.0
84.233726,42,281.0,344.0,247.0
84.233726,43,341.0,308.0,356.0
84.233726,22,429.0,352.0,162.0
84.233726,24,285.0,438.0,84.0
84.233726,26,168.0,333.0,11.0
84.233726,42,279.0,343.0,243.0
84.233726,42,278.0,343.0,243.0
84.384184,22,429.0,350.0,161.0
84.384184,43,341.0,311.0,352.0
84.384184,43,340.0,312.0,351.0
84.384184,22,430.0,349.0,163.0
84.384184,28,235.0,192.0,302.0
84.384184,13,561.0,337.0,357.0
84.384184,11,479.0,491.0,309.0
84.384184,43,340.0,313.0,349.0
84.384184,11,479.0,491.0,310.0
84.384184,11,478.0,491.0,307.0
84.384184,11,478.0,492.0,309.0
84.518939,10,386.0,541.0,286.0
84.518939,25,213.0,408.0,52.0
84.518939,27,175.0,260.0,337.0
84.518939,27,175.0,260.0,339.0
84.518939,4,94.0,157.0,143.0
84.518939,5,54.0,255.0,164.0
84.518939,43,339.0,315.0,340.0
84.518939,8,173.0,523.0,243.0
84.518939,11,476.0,493.0,309.0
84.518939,42,273.0,339.0,233.0
84.518939,13,560.0,343.0,357.0
84.518939,10,382.0,542.0,285.0
84.655761,43,339.0,317.0,333.0
84.655761,29,313.0,173.0,267.0
84.655761,11,474.0,495.0,308.0
84.655761,11,474.0,495.0,309.0
84.655761,27,173.0,265.0,339.0
84.655761,28,228.0,196.0,305.0
84.655761,10,380.0,542.0,286.0
84.655761,10,379.0,543.0,287.0
84.655761,11,473.0,496.0,306.0
84.655761,9,269.0,553.0,262.0
84.655761,11,472.0,496.0,309.0
84.655761,26,171.0,345.0,16.0
84.804394,11,471.0,497.0,307.0
84.804394,30,394.0,208.0,232.0
84.804394,4,98.0,151.0,147.0
84.804394,43,336.0,321.0,334.0
84.804394,3,163.0,91.0,125.0
84.804394,9,267.0,552.0,262.0
84.804394,30,393.0,207.0,231.0
84.804394,43,336.0,322.0,335.0
84.804394,4,99.0,149.0,145.0
84.804394,43,336.0,322.0,332.0
84.804394,43,336.0,323.0,333.0
84.804394,30,392.0,206.0,232.0
84.940234,10,374.0,544.0,287.0
84.940234,28,223.0,200.0,306.0
84.940234,25,223.0,415.0,55.0
84.940234,10,373.0,544.0,283.0
84.940234,10,372.0,544.0,284.0
84.940234,22,434.0,333.0,167.0
84.940234,8,163.0,516.0,238.0
84.940234,10,371.0,545.0,285.0
84.940234,43,334.0,326.0,334.0
84.940234,10,371.0,545.0,283.0
84.940234,30,389.0,203.0,233.0
84.940234,10,370.0,545.0,286.0
85.074948,21,425.0,251.0,200.0
85.074948,43,333.0,328.0,331.0
85.074948,43,333.0,328.0,331.0
85.074948,30,387.0,202.0,236.0
85.074948,2,276.0,50.0,93.0
85.074948,14,555.0,266.0,18.0
85.074948,8,160.0,514.0,236.0
85.074948,30,386.0,201.0,233.0
85.074948,43,332.0,329.0,325.0
85.074948,4,104.0,142.0,143.0
85.074948,9,256.0,551.0,264.0
85.074948,43,332.0,330.0,32.0
85.226674,22,436.0,327.0,171.0
85.226674,6,50.0,340.0,187.0
85.226674,10,365.0,546.0,283.0
85.226674,27,169.0,279.0,344.0
85.226674,25,231.0,420.0,60.0
85.226674,26,176.0,359.0,22.0
85.226674,21,423.0,245.0,203.0
85.226674,26,176.0,360.0,23.0
85.226674,8,155.0,512.0,236.0
85.226674,28,214.0,207.0,312.0
85.226674,5,60.0,234.0,156.0
85.226674,21,422.0,244.0,20.0
85.362068,43,329.0,332.0,307.0
85.362068,21,422.0,243.0,205.0
85.362068,8,154.0,510.0,236.0
85.362068,24,316.0,437.0,94.0
85.362068,10,360.0,547.0,280.0
85.362068,8,153.0,510.0,235.0
85.362068,6,49.0,334.0,187.0
85.362068,30,380.0,197.0,238.0
85.362068,14,557.0,275.0,11.0
85.362068,26,178.0,364.0,28.0
85.362068,21,421.0,241.0,207.0
85.362068,26,178.0,364.0,2.0
85.499431,29,289.0,174.0,279.0
85.499431,5,63.0,228.0,159.0
85.499431,43,325.0,336.0,311.0
85.499431,30,377.0,195.0,240.0
85.499431,10,356.0,548.0,281.0
85.499431,8,150.0,507.0,231.0
85.499431,9,246.0,549.0,258.0
85.499431,7,86.0,436.0,210.0
85.499431,12,522.0,446.0,325.0
85.499431,10,355.0,548.0,282.0
85.499431,43,323.0,338.0,311.0
85.499431,8,148.0,506.0,2.0
85.646859,21,419.0,236.0,208.0
85.646859,30,374.0,193.0,241.0
85.646859,2,292.0,48.0,90.0
85.646859,14,558.0,282.0,11.0
85.646859,10,352.0,549.0,281.0
85.646859,43,321.0,340.0,309.0
85.646859,10,352.0,549.0,281.0
85.646859,8,145.0,504.0,232.0
85.646859,22,437.0,312.0,176.0
85.646859,5,65.0,221.0,164.0
85.646859,16,455.0,114.0,53.0
85.646859,30,371.0,192.0,2.0
85.784791,4,115.0,128.0,135.0
85.784791,22,438.0,311.0,178.0
85.784791,43,319.0,341.0,303.0
85.784791,43,319.0,341.0,301.0
85.784791,14,559.0,286.0,6.0
85.784791,3,188.0,76.0,115.0
85.784791,41,300.0,254.0,89.0
85.784791,43,318.0,342.0,296.0
85.784791,9,237.0,547.0,258.0
85.784791,27,166.0,298.0,354.0
85.935039,25,247.0,428.0,67.0
85.935039,23,410.0,387.0,143.0
85.935039,43,316.0,343.0,291.0
85.935039,8,140.0,501.0,233.0
85.935039,28,201.0,220.0,318.0
85.935039,43,316.0,343.0,290.0
85.935039,43,316.0,343.0,289.0
85.935039,23,411.0,385.0,145.0
85.935039,10,343.0,550.0,281.0
85.935039,43,315.0,343.0,289.0
85.935039,14,559.0,292.0,6.0
86.058561,28,200.0,222.0,319.0
86.058561,23,412.0,384.0,147.0
86.058561,5,68.0,212.0,164.0
86.058561,21,412.0,226.0,215.0
86.058561,28,199.0,223.0,325.0
86.058561,7,79.0,423.0,212.0
86.058561,11,440.0,517.0,301.0
86.058561,9,230.0,545.0,254.0
86.058561,26,187.0,380.0,35.0
86.058561,11,439.0,518.0,298.0
86.058561,30,362.0,187.0,248.0
86.058561,25,254.0,431.0,72.0
86.206035,23,414.0,381.0,147.0
86.206035,11,438.0,519.0,297.0
86.206035,22,694.0,298.0,182.0
86.206035,3,198.0,72.0,116.0
86.206035,12,511.0,461.0,318.0
86.206035,6,49.0,311.0,172.0
86.206035,28,196.0,226.0,324.0
86.206035,24,341.0,432.0,104.0
86.206035,9,226.0,544.0,256.0
86.206035,13,553.0,390.0,342.0
86.206035,8,133.0,494.0,224.0
86.206035,5,70.0,205.0,162.0
86.343730,11,434.0,521.0,297.0
86.343730,5,70.0,204.0,161.0
86.343730,27,166.0,312.0,1.0
86.343730,11,433.0,521.0,299.0
86.343730,7,75.0,417.0,209.0
86.343730,16,469.0,126.0,46.0
86.343730,43,304.0,346.0,274.0
86.343730,9,222.0,543.0,257.0
86.343730,4,129.0,114.0,129.0
86.343730,4,130.0,114.0,131.0
86.343730,43,303.0,345.0,273.0
86.343730,3,204.0,69.0,114.0
86.343730,4,131.0,113.0,127.0
86.492321,4,131.0,113.0,126.0
86.492321,10,329.0,552.0,278.0
86.492321,27,166.0,316.0,0.0
86.492321,9,219.0,542.0,255.0
86.492321,43,302.0,346.0,266.0
86.492321,5,72.0,199.0,160.0
86.492321,14,561.0,307.0,6.0
86.492321,26,195.0,391.0,40.0
86.492321,43,301.0,346.0,263.0
86.492321,43,301.0,346.0,263.0
86.492321,5,73.0,198.0,161.0
86.492321,9,216.0,542.0,256.0
86.642735,2,320.0,49.0,84.0
86.642735,3,209.0,67.0,117.0
86.642735,43,299.0,345.0,261.0
86.642735,43,298.0,345.0,262.0
86.642735,7,71.0,410.0,207.0
86.642735,22,436.0,285.0,188.0
86.642735,11,424.0,525.0,295.0
86.642735,14,561.0,312.0,5.0
86.642735,11,424.0,526.0,295.0
86.642735,14,561.0,312.0,3.0
86.642735,7,70.0,408.0,206.0
86.642735,14,561.0,313.0,5.0
86.779581,7,70.0,407.0,205.0
86.779581,11,422.0,526.0,295.0
86.779581,1,422.0,82.0,62.0
86.779581,22,436.0,281.0,188.0
86.779581,10,320.0,553.0,273.0
86.779581,43,293.0,345.0,264.0
86.779581,1,423.0,82.0,61.0
86.779581,13,548.0,406.0,337.0
86.779581,43,292.0,344.0,262.0
86.779581,10,319.0,553.0,273.0
86.779581,24,357.0,425.0,115.0
86.779581,9,209.0,539.0,252.0
86.916810,11,419.0,528.0,293.0
86.916810,13,547.0,407.0,337.0
86.916810,5,76.0,189.0,158.0
86.916810,9,207.0,539.0,252.0
87.062788,11,415.0,530.0,293.0
87.062788,11,415.0,530.0,293.0
87.062788,25,279.0,438.0,81.0
87.062788,14,562.0,322.0,4.0
87.062788,43,284.0,343.0,254.0
87.062788,27,167.0,334.0,8.0
87.062788,23,428.0,356.0,158.0
87.062788,27,168.0,334.0,6.0
87.062788,11,412.0,531.0,293.0
87.062788,16,485.0,142.0,47.0
87.062788,27,168.0,335.0,8.0
87.062788,11,412.0,531.0,294.0
87.221359,7,65.0,396.0,201.0
87.221359,16,486.0,143.0,46.0
87.221359,43,282.0,342.0,245.0
87.221359,25,283.0,438.0,85.0
87.221359,22,433.0,268.0,194.0
87.221359,22,433.0,267.0,193.0
87.221359,27,168.0,338.0,9.0
87.221359,28,181.0,251.0,336.0
87.221359,23,430.0,351.0,158.0
87.221359,11,409.0,532.0,292.0
87.221359,25,286.0,438.0,89.0
87.221359,10,305.0,553.0,273.0
87.356657,43,280.0,341.0,240.0
87.356657,28,180.0,253.0,338.0
87.356657,10,304.0,553.0,273.0
87.356657,12,489.0,485.0,311.0
87.356657,4,152.0,96.0,122.0
87.356657,13,541.0,420.0,334.0
87.356657,29,236.0,192.0,302.0
87.356657,11,405.0,534.0,290.0
87.356657,12,487.0,486.0,313.0
87.356657,26,212.0,408.0,48.0
87.356657,43,276.0,339.0,239.0
87.356657,2,345.0,52.0,7.0
87.491202,29,234.0,193.0,304.0
87.491202,26,214.0,409.0,49.0
87.491202,10,300.0,553.0,274.0
87.491202,11,403.0,535.0,289.0
87.491202,43,275.0,338.0,238.0
87.491202,12,485.0,488.0,313.0
87.491202,43,274.0,338.0,238.0
87.491202,43,274.0,338.0,238.0
87.491202,43,272.0,337.0,235.0
87.491202,43,272.0,337.0,236.0
87.491202,27,170.0,347.0,16.0
87.641617,2,349.0,53.0,76.0
87.641617,27,171.0,348.0,16.0
87.641617,43,271.0,336.0,235.0
87.641617,13,538.0,427.0,333.0
87.641617,29,230.0,195.0,305.0
87.641617,28,177.0,262.0,339.0
87.641617,5,87.0,170.0,147.0
87.641617,12,482.0,491.0,310.0
87.641617,1,445.0,96.0,53.0
87.641617,14,563.0,341.0,0.0
87.641617,11,397.0,537.0,290.0
87.641617,27,172.0,351.0,20.0
87.641617,8,103.0,463.0,2.0
87.777543,23,434.0,338.0,164.0
87.777543,15,546.0,243.0,19.0
87.777543,43,269.0,334.0,225.0
87.777543,23,434.0,337.0,165.0
87.777543,43,269.0,334.0,221.0
87.777543,22,428.0,252.0,203.0
87.777543,13,535.0,431.0,330.0
87.777543,23,435.0,336.0,167.0
87.777543,15,547.0,245.0,18.0
87.777543,23,435.0,335.0,164.0
87.777543,21,376.0,189.0,238.0
87.926772,28,174.0,268.0,343.0
87.926772,7,60.0,376.0,190.0
87.926772,28,174.0,268.0,343.0
87.926772,15,548.0,247.0,18.0
87.926772,12,476.0,496.0,306.0
87.926772,41,344.0,290.0,18.0
87.926772,12,476.0,496.0,307.0
87.926772,28,174.0,270.0,341.0
87.926772,43,266.0,330.0,216.0
87.926772,12,475.0,497.0,309.0
87.926772,6,54.0,259.0,170.0
87.926772,30,309.0,175.0,271.0
88.062948,8,98.0,458.0,221.0
88.062948,26,226.0,419.0,60.0
88.062948,5,93.0,160.0,145.0
88.062948,41,345.0,293.0,13.0
88.062948,43,264.0,328.0,218.0
88.062948,10,282.0,553.0,270.0
88.062948,24,387.0,407.0,131.0
88.062948,21,370.0,185.0,240.0
88.062948,43,263.0,326.0,217.0
88.062948,23,437.0,327.0,170.0
88.062948,5,94.0,158.0,148.0
88.062948,10,280.0,553.0,269.0
88.215208,41,345.0,296.0,5.0
88.215208,28,172.0,276.0,348.0
88.215208,9,175.0,522.0,238.0
88.215208,7,58.0,367.0,192.0
88.215208,27,177.0,364.0,25.0
88.215208,26,231.0,421.0,61.0
88.215208,43,262.0,324.0,212.0
88.215208,43,261.0,324.0,211.0
88.215208,22,423.0,240.0,206.0
88.215208,43,261.0,323.0,209.0
88.215208,43,261.0,323.0,210.0
88.215208,27,178.0,366.0,25.0
88.350155,21,365.0,182.0,242.0
88.350155,27,178.0,366.0,29.0
88.350155,28,170.0,280.0,349.0
88.350155,9,171.0,519.0,240.0
88.350155,2,370.0,59.0,69.0
88.350155,10,274.0,552.0,269.0
88.350155,43,260.0,321.0,200.0
88.350155,29,213.0,209.0,315.0
88.350155,43,260.0,321.0,200.0
88.350155,43,260.0,320.0,200.0
88.350155,4,178.0,80.0,122.0
88.350155,2,373.0,59.0,71.0
88.499084,12,464.0,505.0,307.0
88.499084,43,260.0,319.0,199.0
88.499084,10,271.0,552.0,264.0
88.499084,11,376.0,543.0,285.0
88.499084,5,100.0,150.0,141.0
88.499084,25,321.0,437.0,99.0
88.499084,43,259.0,318.0,199.0
88.499084,16,511.0,172.0,35.0
88.499084,10,269.0,552.0,262.0
88.499084,11,374.0,543.0,286.0
88.619089,25,323.0,436.0,99.0
88.619089,14,560.0,366.0,353.0
88.619089,23,438.0,314.0,176.0
88.619089,43,259.0,316.0,198.0
88.619089,42,299.0,256.0,90.0
88.619089,11,371.0,544.0,284.0
88.619089,8,87.0,443.0,212.0
88.619089,41,345.0,311.0,349.0
88.619089,41,345.0,311.0,349.0
88.619089,43,258.0,313.0,200.0
88.619089,43,258.0,312.0,198.0
88.619089,12,458.0,509.0,304.0
88.768191,7,55.0,352.0,189.0
88.768191,27,184.0,377.0,30.0
88.768191,14,560.0,370.0,351.0
88.768191,12,457.0,510.0,304.0
88.768191,43,257.0,310.0,197.0
88.768191,11,367.0,545.0,286.0
88.768191,26,246.0,428.0,69.0
88.768191,5,106.0,142.0,141.0
88.768191,15,555.0,271.0,14.0
88.768191,10,262.0,551.0,258.0
88.768191,43,256.0,308.0,193.0
88.768191,43,256.0,308.0,193.0
88.904462,43,256.0,308.0,191.0
88.904462,7,55.0,348.0,189.0
88.904462,13,519.0,457.0,323.0
88.904462,28,168.0,296.0,356.0
88.904462,42,306.0,256.0,78.0
88.904462,43,256.0,307.0,189.0
88.904462,16,516.0,182.0,31.0
88.904462,30,282.0,177.0,282.0
88.904462,10,258.0,550.0,256.0
88.904462,43,256.0,306.0,185.0
88.904462,43,256.0,305.0,183.0
88.904462,43,256.0,305.0,181.0
89.053401,8,82.0,434.0,208.0
89.053401,29,201.0,222.0,319.0
89.053401,43,256.0,305.0,181.0
89.053401,29,200.0,222.0,322.0
89.053401,23,439.0,301.0,181.0
89.053401,10,255.0,549.0,258.0
89.053401,29,200.0,223.0,320.0
89.053401,14,557.0,379.0,343.0
89.053401,12,448.0,515.0,298.0
89.053401,2,392.0,66.0,71.0
89.053401,29,199.0,224.0,322.0
89.053401,11,357.0,547.0,283.0
89.176866,42,314.0,258.0,75.0
89.176866,29,198.0,225.0,323.0
89.176866,29,198.0,225.0,324.0
89.176866,27,191.0,388.0,36.0
89.176866,30,275.0,179.0,287.0
89.176866,43,256.0,300.0,177.0
89.176866,10,251.0,548.0,258.0
89.176866,9,149.0,506.0,238.0
89.176866,14,556.0,383.0,344.0
89.176866,42,316.0,259.0,67.0
89.176866,29,196.0,227.0,322.0
89.324690,11,353.0,548.0,283.0
89.324690,11,353.0,548.0,284.0
89.324690,8,78.0,427.0,206.0
89.324690,27,193.0,391.0,38.0
89.324690,4,202.0,69.0,113.0
89.324690,27,194.0,391.0,38.0
89.324690,8,77.0,426.0,205.0
89.324690,30,270.0,180.0,287.0
89.324690,1,481.0,128.0,47.0
89.324690,2,399.0,68.0,66.0
89.324690,1,481.0,129.0,47.0
89.324690,16,523.0,194.0,30.0
89.324690,12,440.0,519.0,298.0
89.475909,28,167.0,312.0,2.0
89.475909,41,334.0,330.0,318.0
89.475909,6,64.0,218.0,157.0
89.475909,5,118.0,128.0,136.0
89.475909,27,196.0,394.0,43.0
89.475909,9,143.0,501.0,234.0
89.475909,30,266.0,181.0,288.0
89.475909,42,322.0,263.0,56.0
89.475909,9,142.0,501.0,236.0
89.475909,14,553.0,392.0,342.0
89.475909,13,507.0,472.0,322.0
89.475909,22,401.0,209.0,224.0
89.611969,11,345.0,550.0,281.0
89.611969,27,198.0,396.0,44.0
89.611969,25,352.0,429.0,113.0
89.611969,15,560.0,293.0,11.0
89.611969,41,331.0,334.0,313.0
89.611969,5,121.0,124.0,135.0
89.611969,12,434.0,522.0,295.0
89.611969,10,238.0,545.0,253.0
89.611969,43,257.0,287.0,152.0
89.611969,9,138.0,498.0,233.0
89.611969,10,237.0,545.0,253.0
89.611969,10,236.0,545.0,254.0
89.762371,10,236.0,545.0,254.0
89.762371,13,504.0,476.0,317.0
89.762371,14,552.0,397.0,341.0
89.762371,24,418.0,371.0,150.0
89.762371,28,167.0,321.0,3.0
89.762371,21,326.0,168.0,257.0
89.762371,12,431.0,523.0,293.0
89.762371,23,437.0,279.0,191.0
89.762371,23,437.0,278.0,191.0
89.762371,29,187.0,241.0,330.0
89.762371,10,233.0,544.0,255.0
89.898311,12,429.0,524.0,295.0
89.898311,25,359.0,426.0,116.0
89.898311,27,205.0,403.0,46.0
89.898311,13,501.0,479.0,317.0
89.898311,14,550.0,402.0,342.0
89.898311,13,500.0,480.0,316.0
89.898311,13,500.0,480.0,316.0
89.898311,9,132.0,494.0,232.0
89.898311,30,254.0,186.0,295.0
89.898311,15,562.0,304.0,7.0
89.898311,14,549.0,404.0,340.0
89.898311,1,493.0,140.0,38.0
90.033440,11,333.0,552.0,278.0
90.033440,14,549.0,404.0,338.0
90.033440,28,168.0,328.0,11.0
90.033440,43,262.0,278.0,144.0
90.033440,43,262.0,277.0,139.0
90.033440,11,332.0,552.0,278.0
90.033440,21,317.0,166.0,263.0
90.033440,28,168.0,330.0,9.0
90.033440,11,330.0,552.0,276.0
90.033440,6,71.0,201.0,159.0
90.033440,9,128.0,490.0,230.0
90.033440,28,168.0,331.0,12.0
90.182083,15,562.0,309.0,6.0
90.182083,25,366.0,422.0,115.0
90.182083,28,168.0,332.0,11.0
90.182083,12,421.0,528.0,294.0
90.182083,42,336.0,276.0,36.0
90.182083,9,127.0,489.0,227.0
90.182083,13,494.0,485.0,311.0
90.182083,13,494.0,486.0,312.0
90.182083,41,316.0,344.0,287.0
90.182083,7,52.0,309.0,179.0
90.182083,7,52.0,309.0,179.0
90.182083,13,493.0,487.0,310.0
90.319679,43,265.0,273.0,133.0
90.319679,43,266.0,273.0,134.0
90.319679,6,73.0,196.0,155.0
90.319679,23,434.0,265.0,197.0
90.319679,15,563.0,314.0,3.0
90.319679,2,424.0,81.0,62.0
90.319679,12,416.0,530.0,293.0
90.319679,43,268.0,271.0,136.0
90.319679,43,268.0,271.0,136.0
90.319679,28,169.0,338.0,14.0
90.319679,28,170.0,339.0,13.0
90.319679,15,563.0,316.0,3.0
90.466910,22,383.0,192.0,233.0
90.466910,10,216.0,539.0,253.0
90.466910,23,433.0,261.0,199.0
90.466910,29,178.0,257.0,336.0
90.466910,28,170.0,341.0,16.0
90.466910,21,305.0,165.0,269.0
90.466910,26,294.0,439.0,89.0
90.466910,10,214.0,538.0,253.0
90.466910,10,214.0,538.0,252.0
90.466910,26,295.0,439.0,90.0
90.466910,10,213.0,538.0,252.0
90.466910,12,411.0,533.0,294.0
90.617032,28,171.0,344.0,16.0
90.617032,6,76.0,189.0,149.0
90.617032,43,273.0,266.0,125.0
90.617032,42,342.0,285.0,17.0
90.617032,24,429.0,349.0,159.0
90.617032,21,301.0,165.0,269.0
90.617032,43,274.0,266.0,125.0
90.617032,13,484.0,493.0,306.0
90.617032,24,430.0,347.0,160.0
90.617032,14,542.0,423.0,341.0
90.617032,11,313.0,553.0,270.0
90.617032,29,176.0,263.0,340.0
90.752606,10,208.0,536.0,250.0
90.752606,22,376.0,187.0,238.0
90.752606,13,482.0,495.0,306.0
90.752606,16,540.0,228.0,27.0
90.752606,16,540.0,228.0,29.0
90.752606,27,224.0,418.0,56.0
90.752606,29,175.0,265.0,341.0
90.752606,42,343.0,291.0,14.0
90.752606,28,172.0,350.0,20.0
90.752606,43,277.0,264.0,116.0
90.752606,28,173.0,350.0,19.0
90.752606,13,480.0,497.0,306.0
90.904660,15,563.0,329.0,357.0
90.904660,42,344.0,293.0,13.0
90.904660,27,227.0,420.0,58.0
90.904660,43,279.0,263.0,109.0
90.904660,16,542.0,232.0,26.0
90.904660,3,332.0,53.0,84.0
90.904660,12,401.0,537.0,293.0
90.904660,41,295.0,346.0,270.0
90.904660,28,174.0,354.0,22.0
90.904660,16,543.0,233.0,24.0
90.904660,5,151.0,99.0,127.0
90.904660,21,290.0,165.0,273.0
91.039266,10,201.0,533.0,249.0
91.039266,29,173.0,271.0,342.0
91.039266,23,427.0,246.0,205.0
91.039266,28,175.0,356.0,22.0
91.039266,13,475.0,500.0,303.0
91.039266,11,302.0,553.0,271.0
91.039266,41,291.0,346.0,262.0
91.039266,22,367.0,182.0,241.0
91.039266,16,544.0,237.0,25.0
91.039266,42,345.0,300.0,357.0
91.039266,13,473.0,501.0,302.0
91.039266,12,395.0,539.0,291.0
91.189221,16,545.0,238.0,22.0
91.189221,12,395.0,539.0,291.0
91.189221,12,394.0,539.0,289.0
91.189221,42,345.0,301.0,350.0
91.189221,28,176.0,360.0,25.0
91.189221,4,254.0,54.0,97.0
91.189221,15,562.0,340.0,359.0
91.189221,22,364.0,180.0,245.0
91.189221,11,297.0,552.0,268.0
91.189221,42,344.0,303.0,348.0
91.189221,13,469.0,504.0,303.0
91.189221,42,344.0,304.0,348.0
91.323706,3,342.0,55.0,81.0
91.323706,22,362.0,179.0,244.0
91.323706,11,295.0,552.0,267.0
91.323706,43,290.0,259.0,99.0
91.323706,28,178.0,364.0,27.0
91.323706,28,178.0,364.0,27.0
91.323706,22,360.0,178.0,245.0
91.323706,43,291.0,259.0,94.0
91.323706,15,562.0,345.0,356.0
91.323706,11,293.0,552.0,267.0
91.323706,10,190.0,529.0,247.0
91.323706,14,533.0,441.0,32.0
91.458991,27,242.0,428.0,66.0
91.458991,10,189.0,529.0,247.0
91.458991,4,261.0,52.0,97.0
91.458991,30,218.0,208.0,310.0
91.458991,42,343.0,312.0,348.0
91.458991,8,58.0,368.0,192.0
91.458991,30,217.0,209.0,313.0
91.458991,5,164.0,91.0,122.0
91.458991,16,548.0,248.0,20.0
91.458991,21,275.0,167.0,280.0
91.458991,1,518.0,177.0,29.0
91.458991,15,561.0,350.0,359.0
91.609494,14,530.0,445.0,330.0
91.609494,21,274.0,168.0,282.0
91.609494,11,287.0,552.0,264.0
91.609494,14,529.0,446.0,330.0
91.609494,28,182.0,371.0,29.0
91.609494,30,214.0,211.0,313.0
91.609494,12,381.0,544.0,288.0
91.609494,9,99.0,458.0,217.0
91.609494,10,183.0,526.0,244.0
91.609494,21,271.0,168.0,282.0
91.609494,28,183.0,373.0,31.0
91.609494,9,98.0,457.0,216.0
91.745006,9,98.0,456.0,216.0
91.745006,3,355.0,57.0,78.0
91.745006,41,273.0,339.0,235.0
91.745006,14,527.0,449.0,327.0
91.745006,7,55.0,265.0,172.0
91.745006,14,527.0,450.0,326.0
91.745006,11,281.0,551.0,268.0
91.745006,10,180.0,524.0,245.0
91.745006,41,272.0,337.0,230.0
91.745006,27,252.0,432.0,69.0
91.745006,24,437.0,315.0,177.0
91.745006,43,305.0,260.0,84.0
91.895795,43,306.0,260.0,81.0
91.895795,41,271.0,337.0,227.0
91.895795,14,525.0,452.0,323.0
91.895795,30,209.0,216.0,316.0
91.895795,24,437.0,313.0,176.0
91.895795,11,277.0,551.0,267.0
91.895795,1,523.0,188.0,23.0
91.895795,11,277.0,551.0,265.0
91.895795,24,437.0,311.0,177.0
91.895795,21,262.0,170.0,283.0
91.895795,15,560.0,361.0,353.0
92.031368,1,524.0,189.0,22.0
92.031368,3,363.0,59.0,77.0
92.031368,5,176.0,83.0,120.0
92.031368,13,451.0,516.0,300.0
92.031368,43,310.0,261.0,72.0
92.181027,12,367.0,547.0,282.0
92.181027,24,438.0,306.0,179.0
92.181027,6,100.0,149.0,143.0
92.181027,22,338.0,169.0,257.0
92.181027,23,408.0,216.0,220.0
92.181027,29,167.0,305.0,359.0
92.181027,16,554.0,267.0,14.0
92.181027,10,169.0,519.0,242.0
92.181027,12,364.0,548.0,282.0
92.181027,24,438.0,303.0,179.0
92.181027,26,345.0,432.0,109.0
92.324539,12,363.0,548.0,281.0
92.324539,13,445.0,520.0,304.0
92.324539,13,444.0,520.0,305.0
92.324539,14,517.0,462.0,317.0
92.324539,24,437.0,301.0,183.0
92.324539,22,334.0,168.0,260.0
92.324539,16,554.0,271.0,13.0
92.324539,11,265.0,549.0,264.0
92.324539,10,166.0,516.0,239.0
92.324539,10,165.0,516.0,239.0
92.324539,13,442.0,522.0,304.0
92.324539,22,332.0,168.0,257.0
92.471273,12,359.0,549.0,279.0
92.471273,10,164.0,516.0,239.0
92.471273,27,269.0,437.0,77.0
92.471273,1,530.0,201.0,25.0
92.471273,14,514.0,465.0,315.0
92.471273,43,322.0,266.0,61.0
92.471273,10,162.0,514.0,245.0
92.471273,43,323.0,266.0,60.0
92.471273,26,351.0,430.0,113.0
92.471273,21,247.0,176.0,292.0
92.471273,43,324.0,267.0,56.0
92.471273,12,355.0,549.0,278.0
92.622301,43,324.0,267.0,54.0
92.622301,1,531.0,204.0,22.0
92.622301,7,59.0,241.0,165.0
92.622301,24,437.0,293.0,189.0
92.622301,43,325.0,268.0,49.0
92.622301,4,295.0,50.0,95.0
92.622301,25,418.0,374.0,146.0
92.622301,43,325.0,268.0,47.0
92.622301,14,510.0,469.0,316.0
92.622301,24,437.0,291.0,190.0
92.622301,10,157.0,511.0,235.0
92.622301,24,437.0,290.0,188.0
92.757119,22,323.0,166.0,262.0
92.757119,42,322.0,341.0,305.0
92.757119,11,254.0,548.0,261.0
92.757119,14,508.0,471.0,318.0
92.757119,42,321.0,342.0,303.0
92.757119,12,349.0,550.0,278.0
92.757119,6,111.0,135.0,138.0
92.757119,43,328.0,271.0,43.0
92.757119,43,329.0,271.0,44.0
92.757119,11,251.0,547.0,261.0
92.757119,12,347.0,550.0,276.0
92.757119,12,347.0,550.0,277.0
92.906430,43,330.0,272.0,43.0
92.906430,42,319.0,344.0,296.0
92.906430,29,167.0,324.0,6.0
92.906430,30,191.0,238.0,326.0
92.906430,43,331.0,273.0,42.0
92.906430,11,249.0,547.0,261.0
92.906430,43,331.0,274.0,41.0
92.906430,43,332.0,274.0,41.0
92.906430,10,152.0,507.0,234.0
92.906430,28,205.0,402.0,46.0
92.906430,12,343.0,551.0,276.0
92.906430,26,364.0,424.0,117.0
93.040948,43,333.0,275.0,40.0
93.040948,12,342.0,551.0,278.0
93.040948,10,150.0,506.0,234.0
93.040948,41,254.0,308.0,189.0
93.040948,28,206.0,404.0,49.0
93.040948,7,63.0,228.0,164.0
93.040948,42,314.0,345.0,285.0
93.040948,41,254.0,307.0,188.0
93.040948,27,288.0,440.0,84.0
93.040948,43,334.0,277.0,34.0
93.040948,24,435.0,278.0,193.0
93.040948,23,390.0,196.0,230.0
93.193071,41,254.0,305.0,185.0
93.193071,41,254.0,305.0,185.0
93.193071,4,311.0,50.0,86.0
93.193071,43,335.0,278.0,28.0
93.193071,2,488.0,133.0,41.0
93.193071,43,335.0,279.0,28.0
93.193071,43,335.0,279.0,28.0
93.193071,41,254.0,302.0,180.0
93.193071,43,335.0,280.0,24.0
93.193071,43,335.0,280.0,24.0
93.193071,11,239.0,545.0,258.0
93.193071,43,335.0,280.0,22.0
93.328657,13,419.0,534.0,295.0
93.328657,30,185.0,249.0,333.0
93.328657,7,65.0,222.0,161.0
93.328657,1,538.0,223.0,17.0
93.328657,43,336.0,281.0,21.0
93.328657,28,213.0,409.0,53.0
93.328657,43,336.0,282.0,20.0
93.328657,10,142.0,500.0,232.0
93.328657,15,552.0,400.0,339.0
93.328657,41,254.0,297.0,177.0
93.328657,10,141.0,500.0,231.0
93.328657,43,337.0,284.0,22.0
93.477328,6,124.0,122.0,133.0
93.477328,1,539.0,227.0,18.0
93.477328,43,337.0,285.0,21.0
93.477328,8,51.0,311.0,181.0
93.477328,43,337.0,285.0,20.0
93.477328,1,539.0,228.0,20.0
93.477328,5,215.0,66.0,108.0
93.477328,27,299.0,441.0,87.0
93.477328,43,338.0,287.0,22.0
93.477328,12,327.0,552.0,275.0
93.477328,25,429.0,350.0,160.0
93.477328,13,412.0,537.0,289.0
93.613387,13,412.0,537.0,289.0
93.613387,14,491.0,488.0,312.0
93.613387,43,339.0,290.0,21.0
93.613387,1,540.0,231.0,17.0
93.613387,8,51.0,307.0,179.0
93.613387,41,254.0,291.0,168.0
93.613387,14,489.0,489.0,318.0
93.613387,43,340.0,291.0,20.0
93.613387,11,228.0,542.0,257.0
93.613387,16,561.0,308.0,12.0
93.613387,28,220.0,415.0,58.0
93.613387,25,431.0,347.0,162.0
93.747938,22,294.0,164.0,273.0
93.747938,22,294.0,164.0,273.0
93.747938,43,340.0,293.0,16.0
93.747938,25,431.0,345.0,161.0
93.747938,43,340.0,294.0,16.0
93.747938,29,172.0,349.0,17.0
93.747938,27,307.0,441.0,93.0
93.747938,24,430.0,260.0,199.0
93.747938,3,412.0,77.0,63.0
93.747938,14,486.0,493.0,318.0
93.747938,26,384.0,412.0,127.0
93.747938,30,179.0,262.0,336.0
93.899343,11,222.0,541.0,254.0
93.899343,28,224.0,418.0,57.0
93.899343,4,332.0,52.0,86.0
93.899343,29,173.0,353.0,18.0
93.899343,7,71.0,206.0,157.0
93.899343,11,221.0,541.0,256.0
93.899343,43,341.0,297.0,1.0
93.899343,42,289.0,346.0,256.0
93.899343,11,220.0,540.0,256.0
93.899343,26,387.0,410.0,129.0
93.899343,29,173.0,355.0,20.0
93.899343,25,433.0,339.0,167.0
94.033618,12,314.0,553.0,271.0
94.033618,29,174.0,356.0,19.0
94.033618,26,388.0,408.0,128.0
94.033618,29,174.0,356.0,21.0
94.033618,11,217.0,539.0,254.0
94.033618,11,217.0,539.0,254.0
94.033618,12,312.0,553.0,271.0
94.033618,42,285.0,345.0,253.0
94.033618,42,284.0,345.0,253.0
94.033618,12,311.0,553.0,274.0
94.033618,29,175.0,359.0,22.0
94.033618,11,215.0,539.0,253.0
94.183080,14,479.0,499.0,312.0
94.183080,30,175.0,271.0,342.0
94.183080,42,282.0,345.0,248.0
94.183080,30,175.0,271.0,342.0
94.183080,26,392.0,405.0,127.0
94.183080,43,341.0,305.0,357.0
94.183080,30,175.0,272.0,343.0
94.183080,43,340.0,306.0,357.0
94.183080,24,425.0,248.0,205.0
94.183080,43,340.0,308.0,357.0
94.183080,16,563.0,325.0,6.0
94.183080,11,211.0,537.0,25.0
94.318505,43,340.0,308.0,356.0
94.318505,43,340.0,309.0,354.0
94.318505,28,235.0,425.0,63.0
94.318505,16,563.0,327.0,9.0
94.318505,2,509.0,158.0,33.0
94.318505,29,177.0,365.0,27.0
94.318505,30,174.0,276.0,347.0
94.318505,30,173.0,276.0,345.0
94.318505,25,436.0,328.0,171.0
94.318505,43,340.0,311.0,349.0
94.318505,30,173.0,277.0,346.0
94.455364,11,207.0,536.0,251.0
94.455364,29,178.0,367.0,26.0
94.455364,14,473.0,504.0,305.0
94.455364,10,119.0,479.0,221.0
94.455364,3,428.0,86.0,58.0
94.455364,43,339.0,313.0,343.0
94.455364,9,63.0,385.0,198.0
94.455364,23,356.0,175.0,246.0
94.455364,43,339.0,314.0,341.0
94.455364,13,385.0,545.0,284.0
94.455364,42,274.0,340.0,234.0
94.455364,12,297.0,553.0,267.0
94.604893,12,297.0,553.0,269.0
94.604893,29,180.0,370.0,27.0
94.604893,42,272.0,339.0,234.0
94.604893,13,383.0,545.0,284.0
94.604893,12,296.0,553.0,270.0
94.604893,29,181.0,372.0,30.0
94.604893,42,271.0,338.0,233.0
94.604893,11,201.0,534.0,250.0
94.604893,16,564.0,335.0,357.0
94.604893,43,338.0,317.0,335.0
94.604893,1,546.0,261.0,8.0
94.604893,8,53.0,276.0,173.0
94.755408,29,182.0,374.0,32.0
94.755408,13,380.0,546.0,283.0
94.755408,12,293.0,553.0,267.0
94.755408,30,171.0,286.0,349.0
94.755408,28,247.0,430.0,72.0
94.755408,1,547.0,264.0,9.0
94.755408,12,291.0,553.0,269.0
94.755408,4,358.0,56.0,78.0
94.755408,43,336.0,320.0,335.0
94.755408,43,336.0,320.0,337.0
94.755408,1,547.0,266.0,9.0
94.755408,30,170.0,289.0,350.0
94.755408,6,156.0,95.0,12.0
94.889218,6,156.0,95.0,122.0
94.889218,8,53.0,271.0,173.0
94.889218,6,157.0,95.0,123.0
94.889218,29,185.0,378.0,31.0
94.889218,14,462.0,513.0,306.0
94.889218,8,54.0,269.0,174.0
94.889218,26,407.0,391.0,139.0
94.889218,14,461.0,513.0,304.0
94.889218,41,276.0,260.0,118.0
94.889218,43,334.0,325.0,327.0
94.889218,29,186.0,381.0,32.0
94.889218,2,519.0,175.0,27.0
95.040544,21,192.0,218.0,324.0
95.040544,43,333.0,325.0,326.0
95.040544,13,371.0,548.0,283.0
95.040544,43,333.0,326.0,325.0
95.040544,26,409.0,388.0,143.0
95.040544,1,548.0,272.0,6.0
95.040544,30,169.0,296.0,352.0
95.040544,16,563.0,348.0,352.0
95.040544,43,332.0,326.0,323.0
95.040544,43,332.0,326.0,323.0
95.040544,41,280.0,258.0,115.0
95.040544,11,188.0,528.0,2.0
95.174937,41,281.0,258.0,111.0
95.174937,7,87.0,173.0,152.0
95.174937,23,338.0,169.0,253.0
95.174937,41,282.0,257.0,112.0
95.174937,16,562.0,351.0,354.0
95.174937,2,522.0,180.0,24.0
95.174937,43,330.0,329.0,315.0
95.174937,11,186.0,527.0,245.0
95.174937,43,330.0,329.0,317.0
95.174937,43,330.0,329.0,315.0
95.174937,5,265.0,55.0,97.0
95.311661,42,259.0,324.0,210.0
95.311661,9,57.0,363.0,190.0
95.311661,26,414.0,382.0,145.0
95.311661,26,414.0,382.0,144.0
95.311661,42,258.0,323.0,207.0
95.311661,4,373.0,60.0,72.0
95.311661,1,549.0,280.0,3.0
95.311661,43,327.0,332.0,318.0
95.311661,43,327.0,332.0,318.0
95.311661,23,332.0,167.0,259.0
95.311661,43,327.0,333.0,315.0
95.445192,10,102.0,458.0,218.0
95.445192,43,326.0,333.0,319.0
95.445192,1,549.0,282.0,3.0
95.445192,13,359.0,550.0,282.0
95.445192,10,101.0,457.0,217.0
95.445192,14,448.0,521.0,297.0
95.445192,9,57.0,358.0,190.0
95.445192,16,561.0,359.0,351.0
95.445192,16,561.0,360.0,354.0
95.445192,43,324.0,336.0,315.0
95.445192,12,269.0,551.0,265.0
95.445192,21,183.0,232.0,3.0
95.579858,43,324.0,336.0,314.0
95.579858,43,324.0,336.0,314.0
95.579858,12,268.0,551.0,267.0
95.579858,43,323.0,337.0,313.0
95.579858,15,521.0,456.0,326.0
95.579858,24,405.0,214.0,221.0
95.579858,15,520.0,456.0,329.0
95.579858,30,168.0,312.0,0.0
95.579858,15,520.0,457.0,328.0
95.579858,4,382.0,63.0,71.0
95.579858,15,519.0,457.0,328.0
95.720571,12,265.0,551.0,266.0
95.720571,15,519.0,458.0,327.0
95.720571,10,97.0,451.0,214.0
95.720571,1,549.0,291.0,358.0
95.720571,12,264.0,551.0,264.0
95.720571,16,560.0,366.0,347.0
95.720571,1,549.0,292.0,2.0
95.720571,1,549.0,292.0,0.0
95.720571,1,549.0,292.0,0.0
95.720571,43,320.0,340.0,297.0
95.720571,43,319.0,340.0,296.0
95.720571,11,171.0,520.0,239.0
95.720571,10,95.0,448.0,21.0
95.868297,16,559.0,369.0,347.0
95.868297,6,180.0,81.0,113.0
95.868297,14,437.0,526.0,297.0
95.868297,3,461.0,110.0,50.0
95.868297,14,436.0,527.0,299.0
95.868297,14,436.0,527.0,299.0
95.868297,11,169.0,518.0,238.0
95.868297,43,316.0,341.0,292.0
95.868297,16,558.0,372.0,346.0
95.868297,3,463.0,111.0,50.0
95.868297,21,178.0,242.0,333.0
95.868297,7,99.0,154.0,14.0
96.002979,6,184.0,79.0,113.0
96.002979,27,368.0,424.0,117.0
96.002979,43,313.0,343.0,292.0
96.002979,16,558.0,374.0,344.0
96.002979,16,558.0,375.0,344.0
96.002979,14,432.0,529.0,300.0
96.002979,15,514.0,465.0,319.0
96.002979,43,312.0,343.0,292.0
96.002979,43,312.0,343.0,290.0
96.002979,11,164.0,516.0,238.0
96.002979,28,284.0,440.0,83.0
96.153034,6,188.0,77.0,111.0
96.153034,3,467.0,114.0,50.0
96.153034,26,426.0,362.0,156.0
96.153034,22,228.0,185.0,302.0
96.153034,41,310.0,254.0,73.0
96.153034,15,511.0,468.0,316.0
96.153034,41,311.0,254.0,73.0
96.153034,24,393.0,202.0,227.0
96.153034,16,556.0,380.0,347.0
96.153034,16,556.0,380.0,348.0
96.153034,16,556.0,380.0,348.0
96.153034,15,510.0,470.0,315.0
96.289302,1,550.0,305.0,349.0
96.289302,22,224.0,187.0,302.0
96.289302,14,426.0,532.0,292.0
96.289302,14,426.0,532.0,292.0
96.289302,14,426.0,532.0,292.0
96.289302,27,376.0,419.0,119.0
96.289302,14,425.0,532.0,293.0
96.289302,14,425.0,532.0,291.0
96.289302,2,535.0,209.0,18.0
96.289302,1,549.0,308.0,351.0
96.289302,1,549.0,309.0,350.0
96.289302,12,245.0,548.0,261.0
96.439410,15,507.0,473.0,318.0
96.439410,11,156.0,510.0,238.0
96.439410,4,402.0,71.0,63.0
96.439410,26,429.0,354.0,158.0
96.439410,15,506.0,474.0,322.0
96.439410,9,53.0,330.0,186.0
96.439410,16,555.0,386.0,346.0
96.439410,6,198.0,73.0,113.0
96.439410,22,220.0,190.0,309.0
96.439410,15,505.0,476.0,320.0
96.439410,43,302.0,345.0,269.0
96.439410,13,328.0,553.0,274.0
96.577471,15,504.0,477.0,318.0
96.577471,12,240.0,547.0,258.0
96.577471,14,419.0,534.0,292.0
96.577471,4,407.0,73.0,65.0
96.577471,25,432.0,265.0,196.0
96.577471,9,52.0,326.0,184.0
96.577471,25,432.0,265.0,196.0
96.577471,5,305.0,52.0,91.0
96.577471,26,431.0,349.0,160.0
96.577471,13,324.0,554.0,276.0
96.577471,23,294.0,164.0,273.0
96.577471,1,549.0,317.0,3.0
96.729116,41,324.0,260.0,53.0
96.729116,12,236.0,547.0,257.0
96.729116,22,214.0,195.0,311.0
96.729116,11,149.0,505.0,235.0
96.729116,11,149.0,505.0,235.0
96.729116,29,221.0,417.0,56.0
96.729116,10,82.0,425.0,207.0
96.729116,14,413.0,536.0,289.0
96.729116,26,432.0,345.0,162.0
96.729116,14,413.0,537.0,289.0
96.729116,27,388.0,411.0,126.0
96.729116,12,233.0,546.0,258.0
96.862832,14,411.0,537.0,289.0
96.862832,12,232.0,546.0,257.0
96.862832,23,289.0,165.0,273.0
96.862832,1,549.0,323.0,3.0
96.862832,1,549.0,323.0,0.0
96.862832,7,116.0,133.0,135.0
96.862832,1,549.0,324.0,359.0
96.862832,12,230.0,545.0,254.0
96.862832,43,289.0,344.0,259.0
96.862832,21,168.0,268.0,346.0
96.862832,30,173.0,349.0,18.0
96.862832,43,288.0,344.0,256.0
97.012855,12,229.0,545.0,255.0
97.012855,5,314.0,52.0,84.0
97.012855,21,168.0,270.0,347.0
97.012855,16,550.0,401.0,342.0
97.012855,15,495.0,486.0,314.0
97.012855,24,374.0,188.0,240.0
97.012855,23,283.0,165.0,278.0
97.012855,15,494.0,487.0,315.0
97.012855,13,312.0,555.0,275.0
97.012855,13,312.0,555.0,273.0
97.012855,43,286.0,344.0,247.0
97.012855,16,549.0,404.0,340.0
97.147728,11,140.0,498.0,230.0
97.147728,43,285.0,344.0,245.0
97.147728,3,487.0,135.0,47.0
97.147728,11,140.0,498.0,229.0
97.297725,3,491.0,138.0,45.0
97.297725,12,219.0,542.0,253.0
97.297725,25,425.0,247.0,203.0
97.297725,13,305.0,555.0,276.0
97.297725,43,279.0,340.0,241.0
97.297725,12,218.0,542.0,254.0
97.297725,43,278.0,340.0,243.0
97.297725,43,277.0,340.0,242.0
97.297725,4,426.0,84.0,53.0
97.297725,26,437.0,328.0,173.0
97.297725,25,424.0,244.0,205.0
97.439884,43,277.0,340.0,242.0
97.439884,22,200.0,209.0,315.0
97.439884,1,547.0,339.0,345.0
97.439884,24,364.0,182.0,245.0
97.439884,14,394.0,542.0,282.0
97.439884,13,301.0,556.0,275.0
97.439884,5,329.0,54.0,86.0
97.439884,5,330.0,54.0,87.0
97.439884,28,325.0,439.0,100.0
97.439884,12,213.0,540.0,255.0
97.439884,16,545.0,414.0,333.0
97.439884,9,53.0,300.0,176.0
97.439884,12,212.0,540.0,2.0
97.591160,28,326.0,438.0,104.0
97.591160,15,483.0,497.0,309.0
97.591160,28,327.0,438.0,103.0
97.591160,2,545.0,243.0,12.0
97.591160,41,342.0,281.0,25.0
97.591160,16,543.0,417.0,336.0
97.591160,16,543.0,417.0,336.0
97.591160,14,389.0,543.0,283.0
97.591160,5,334.0,54.0,86.0
97.591160,14,388.0,543.0,281.0
97.591160,14,388.0,543.0,282.0
97.726210,16,543.0,419.0,335.0
97.726210,22,194.0,215.0,322.0
97.726210,26,438.0,319.0,174.0
97.726210,43,270.0,335.0,224.0
97.726210,14,386.0,544.0,284.0
97.726210,27,408.0,392.0,138.0
97.726210,11,127.0,486.0,223.0
97.726210,43,269.0,334.0,224.0
97.726210,43,269.0,334.0,224.0
97.726210,43,269.0,334.0,221.0
97.726210,16,541.0,422.0,334.0
97.726210,26,438.0,315.0,174.0
97.882007,10,69.0,397.0,201.0
97.882007,6,235.0,60.0,102.0
97.882007,16,541.0,423.0,333.0
97.882007,24,352.0,177.0,247.0
97.882007,43,267.0,332.0,221.0
97.882007,7,137.0,113.0,131.0
97.882007,21,164.0,295.0,357.0
97.882007,21,164.0,296.0,359.0
97.882007,43,266.0,331.0,219.0
97.882007,12,202.0,536.0,251.0
97.882007,41,344.0,290.0,9.0
97.882007,12,201.0,536.0,249.0
98.012131,30,184.0,376.0,31.0
98.012131,15,473.0,505.0,305.0
98.012131,14,378.0,546.0,288.0
98.012131,3,503.0,154.0,36.0
98.012131,21,164.0,298.0,359.0
98.012131,43,264.0,328.0,218.0
98.012131,7,141.0,110.0,129.0
98.012131,28,340.0,435.0,109.0
98.012131,11,120.0,479.0,223.0
98.012131,41,345.0,294.0,7.0
98.012131,14,376.0,546.0,287.0
98.012131,41,345.0,295.0,6.0
98.164311,11,120.0,478.0,222.0
98.164311,1,542.0,359.0,348.0
98.164311,11,119.0,478.0,223.0
98.164311,24,344.0,174.0,254.0
98.164311,30,187.0,380.0,33.0
98.164311,43,262.0,325.0,212.0
98.164311,8,82.0,180.0,152.0
98.164311,24,343.0,173.0,254.0
98.164311,28,345.0,434.0,108.0
98.164311,42,289.0,256.0,105.0
98.298352,2,549.0,262.0,4.0
98.298352,1,542.0,363.0,346.0
98.298352,12,193.0,533.0,246.0
98.298352,23,248.0,175.0,294.0
98.298352,1,541.0,364.0,346.0
98.298352,28,348.0,433.0,110.0
98.298352,30,189.0,384.0,37.0
98.298352,4,451.0,99.0,57.0
98.298352,30,189.0,384.0,37.0
98.298352,12,191.0,532.0,246.0
98.298352,21,164.0,309.0,3.0
98.298352,1,541.0,366.0,346.0
98.434532,25,409.0,219.0,217.0
98.434532,11,114.0,472.0,223.0
98.434532,3,510.0,164.0,35.0
98.434532,15,462.0,512.0,300.0
98.434532,25,408.0,219.0,220.0
98.434532,21,164.0,311.0,5.0
98.434532,27,420.0,375.0,149.0
98.434532,30,192.0,387.0,40.0
98.434532,43,259.0,318.0,197.0
98.434532,1,540.0,369.0,344.0
98.434532,13,270.0,554.0,265.0
98.434532,29,267.0,438.0,77.0
98.584082,14,363.0,549.0,283.0
98.584082,41,344.0,308.0,348.0
98.584082,10,63.0,378.0,194.0
98.584082,14,362.0,549.0,281.0
98.584082,14,361.0,549.0,283.0
98.584082,5,361.0,60.0,76.0
98.584082,9,56.0,268.0,174.0
98.584082,30,194.0,391.0,41.0
98.584082,12,184.0,528.0,243.0
98.584082,13,266.0,554.0,267.0
98.584082,29,271.0,439.0,81.0
98.584082,22,179.0,239.0,337.0
98.718786,14,359.0,549.0,279.0
98.718786,24,329.0,170.0,258.0
98.718786,5,364.0,61.0,76.0
98.718786,21,165.0,319.0,8.0
98.718786,43,257.0,311.0,196.0
98.718786,16,529.0,445.0,327.0
98.718786,16,529.0,445.0,325.0
98.718786,9,57.0,263.0,173.0
98.718786,30,197.0,394.0,40.0
98.718786,13,262.0,554.0,264.0
98.718786,1,538.0,377.0,337.0
98.718786,1,538.0,377.0,338.0
98.870586,1,537.0,377.0,340.0
98.870586,43,257.0,308.0,194.0
98.870586,1,537.0,378.0,338.0
98.870586,43,256.0,308.0,191.0
98.870586,28,362.0,427.0,115.0
98.870586,13,259.0,554.0,264.0
98.870586,9,57.0,259.0,171.0
98.870586,29,278.0,440.0,86.0
98.870586,23,232.0,184.0,301.0
98.870586,42,309.0,256.0,77.0
98.870586,29,279.0,440.0,86.0
98.870586,1,536.0,381.0,339.0
99.005428,42,309.0,256.0,75.0
99.005428,12,176.0,524.0,240.0
99.005428,10,60.0,366.0,190.0
99.005428,15,448.0,520.0,297.0
99.005428,4,466.0,111.0,48.0
99.005428,12,174.0,523.0,239.0
99.005428,16,524.0,453.0,330.0
99.005428,12,174.0,522.0,238.0
99.005428,1,535.0,384.0,338.0
99.005428,1,535.0,384.0,338.0
99.005428,10,60.0,363.0,189.0
99.005428,12,172.0,522.0,238.0
99.156913,43,257.0,302.0,172.0
99.156913,30,203.0,401.0,45.0
99.156913,43,257.0,301.0,170.0
99.156913,11,101.0,456.0,217.0
99.156913,43,257.0,301.0,170.0
99.156913,28,369.0,423.0,125.0
99.156913,43,257.0,300.0,173.0
99.156913,24,315.0,168.0,264.0
99.156913,4,470.0,115.0,45.0
99.156913,16,522.0,457.0,326.0
99.156913,43,257.0,298.0,169.0
99.156913,24,314.0,168.0,266.0
99.292026,14,342.0,552.0,281.0
99.292026,1,533.0,390.0,337.0
99.292026,1,533.0,390.0,337.0
99.292026,43,257.0,297.0,171.0
99.292026,16,520.0,458.0,325.0
99.292026,6,277.0,53.0,90.0
99.292026,13,247.0,552.0,264.0
99.292026,41,335.0,330.0,320.0
99.292026,23,221.0,190.0,305.0
99.292026,15,438.0,524.0,295.0
99.292026,5,383.0,66.0,74.0
99.292026,29,292.0,442.0,86.0
99.441278,43,258.0,292.0,171.0
99.441278,21,169.0,339.0,16.0
99.441278,15,437.0,524.0,293.0
99.441278,43,258.0,292.0,171.0
99.441278,42,323.0,262.0,60.0
99.441278,10,58.0,353.0,186.0
99.441278,10,58.0,352.0,187.0
99.441278,16,517.0,463.0,325.0
99.441278,1,530.0,395.0,338.0
99.441278,3,525.0,191.0,27.0
99.441278,26,433.0,268.0,196.0
99.441278,2,552.0,298.0,0.0
99.577420,21,170.0,342.0,17.0
99.577420,43,258.0,289.0,163.0
99.577420,23,216.0,194.0,310.0
99.577420,9,61.0,241.0,166.0
99.577420,15,432.0,527.0,294.0
99.577420,12,160.0,514.0,238.0
99.577420,16,515.0,466.0,323.0
99.577420,21,171.0,345.0,17.0
99.577420,12,159.0,513.0,236.0
99.577420,12,159.0,513.0,235.0
99.577420,16,514.0,467.0,323.0
99.577420,28,382.0,415.0,124.0
99.727710,7,180.0,83.0,117.0
99.727710,15,429.0,528.0,294.0
99.727710,41,327.0,337.0,305.0
99.727710,2,552.0,304.0,356.0
99.727710,15,429.0,528.0,293.0
99.727710,9,62.0,236.0,162.0
99.727710,14,328.0,554.0,275.0
99.727710,15,428.0,529.0,293.0
99.727710,7,182.0,82.0,115.0
99.727710,43,260.0,283.0,148.0
99.727710,27,435.0,340.0,164.0
99.727710,16,511.0,470.0,319.0
99.864615,14,326.0,554.0,276.0
99.864615,26,431.0,259.0,200.0
99.864615,41,324.0,340.0,298.0
99.864615,41,324.0,340.0,299.0
99.864615,16,510.0,471.0,317.0
99.864615,43,262.0,281.0,148.0
99.864615,29,306.0,442.0,93.0
99.864615,28,387.0,411.0,129.0
99.864615,4,485.0,129.0,42.0
99.864615,4,485.0,130.0,43.0
99.864615,3,530.0,203.0,24.0
99.864615,43,263.0,279.0,148.0
99.999983,41,320.0,342.0,297.0
99.999983,27,437.0,336.0,165.0
99.999983,22,167.0,274.0,347.0
99.999983,12,151.0,507.0,235.0
99.999983,43,264.0,278.0,147.0
99.999983,7,189.0,79.0,116.0
99.999983,6,298.0,52.0,90.0
99.999983,41,318.0,343.0,293.0
99.999983,14,318.0,555.0,280.0
99.999983,22,166.0,276.0,350.0
99.999983,15,419.0,532.0,290.0
99.999983,1,523.0,411.0,332.0
100.150076,15,419.0,532.0,289.0
100.150076,30,225.0,419.0,58.0
100.150076,7,192.0,78.0,115.0
100.150076,24,287.0,168.0,277.0
100.150076,42,336.0,276.0,31.0
100.150076,14,315.0,555.0,282.0
100.150076,14,315.0,555.0,283.0
100.150076,3,533.0,209.0,23.0
100.150076,6,303.0,52.0,89.0
100.150076,21,177.0,360.0,25.0
100.150076,43,266.0,274.0,137.0
100.150076,24,285.0,169.0,277.0
100.284930,26,426.0,248.0,206.0
100.284930,21,178.0,362.0,27.0
100.284930,42,338.0,279.0,27.0
100.284930,3,534.0,212.0,21.0
100.284930,23,200.0,208.0,318.0
100.284930,16,501.0,480.0,318.0
100.284930,16,501.0,481.0,316.0
100.284930,14,311.0,556.0,278.0
100.284930,28,397.0,403.0,133.0
100.284930,43,269.0,272.0,132.0
100.284930,9,67.0,219.0,162.0
100.284930,16,500.0,482.0,316.0
